INSERT INTO schools (id, name, address, email) VALUES (1, 'Culming Up', '0129 Carahue', 'culmingup@gmail.com');

INSERT INTO administrators (id, name, last_name, email, address, date_of_birth, enrollment_date, school_id) VALUES (1, 'Doris', 'Pacheco', 'doris@gmail.com', '1923 Temuco', '1965-09-12', '1999-02-03', 1);
INSERT INTO administrators (id, name, last_name, email, address, date_of_birth, enrollment_date, school_id) VALUES (2, 'Francisco', 'Machuca', 'francisco@gmail.com', '0102 Labranza', '1972-01-01', '2003-12-12', 1);

INSERT INTO courses (id, name, year_of_generation, school_id) VALUES (1, 'Primero Básico', 2020, 1);
INSERT INTO courses (id, name, year_of_generation, school_id) VALUES (2, 'Segundo Básico', 2020, 1);
INSERT INTO courses (id, name, year_of_generation, school_id) VALUES (3, 'Tercero Básico', 2020, 1);
INSERT INTO courses (id, name, year_of_generation, school_id) VALUES (4, 'Cuarto Básico', 2020, 1);
INSERT INTO courses (id, name, year_of_generation, school_id) VALUES (5, 'Quinto Básico', 2020, 1);
INSERT INTO courses (id, name, year_of_generation, school_id) VALUES (6, 'Sexto Básico', 2020, 1);
INSERT INTO courses (id, name, year_of_generation, school_id) VALUES (7, 'Séptimo Básico', 2020, 1);
INSERT INTO courses (id, name, year_of_generation, school_id) VALUES (8, 'Octavo Básico', 2020, 1);
INSERT INTO courses (id, name, year_of_generation, school_id) VALUES (9, 'Primero Medio', 2020, 1);
INSERT INTO courses (id, name, year_of_generation, school_id) VALUES (10, 'Segundo Medio', 2020, 1);
INSERT INTO courses (id, name, year_of_generation, school_id) VALUES (11, 'Tercero Medio', 2020, 1);
INSERT INTO courses (id, name, year_of_generation, school_id) VALUES (12, 'Cuarto Medio', 2020, 1);

INSERT INTO courses (id, name, year_of_generation, school_id) VALUES (13, 'Primero Básico', 2021, 1);
INSERT INTO courses (id, name, year_of_generation, school_id) VALUES (14, 'Segundo Básico', 2021, 1);
INSERT INTO courses (id, name, year_of_generation, school_id) VALUES (15, 'Tercero Básico', 2021, 1);
INSERT INTO courses (id, name, year_of_generation, school_id) VALUES (16, 'Cuarto Básico', 2021, 1);
INSERT INTO courses (id, name, year_of_generation, school_id) VALUES (17, 'Quinto Básico', 2021, 1);
INSERT INTO courses (id, name, year_of_generation, school_id) VALUES (18, 'Sexto Básico', 2021, 1);
INSERT INTO courses (id, name, year_of_generation, school_id) VALUES (19, 'Séptimo Básico', 2021, 1);
INSERT INTO courses (id, name, year_of_generation, school_id) VALUES (20, 'Octavo Básico', 2021, 1);
INSERT INTO courses (id, name, year_of_generation, school_id) VALUES (21, 'Primero Medio', 2021, 1);
INSERT INTO courses (id, name, year_of_generation, school_id) VALUES (22, 'Segundo Medio', 2021, 1);
INSERT INTO courses (id, name, year_of_generation, school_id) VALUES (23, 'Tercero Medio', 2021, 1);
INSERT INTO courses (id, name, year_of_generation, school_id) VALUES (24, 'Cuarto Medio', 2021, 1);


INSERT INTO teachers (id, name, last_name, email, address, date_of_birth, phone, enrollment_date) VALUES (1, 'Marieta', 'Vergara', 'marieta@gmail.com', '0001 Temuco', '1957-04-17', '912345678', '2007-05-18');
INSERT INTO teachers (id, name, last_name, email, address, date_of_birth, phone, enrollment_date) VALUES (2, 'Verónica', 'Parra', 'veronica@gmail.com', '0002Temuco', '1998-11-11', '981244512', '2002-04-03');
INSERT INTO teachers (id, name, last_name, email, address, date_of_birth, phone, enrollment_date) VALUES (3, 'Guillermo', 'Soto', 'guillermo@gmail.com', '0003 Temuco', '1979-02-23', '912414457', '2001-03-12');
INSERT INTO teachers (id, name, last_name, email, address, date_of_birth, phone, enrollment_date) VALUES (4, 'Sebastián', 'Navarro', 'sebastian@gmail.com', '0004 Temuco', '1993-07-11', '987654321', '2002-11-30');
INSERT INTO teachers (id, name, last_name, email, address, date_of_birth, phone, enrollment_date) VALUES (5, 'Sofía', 'Torres', 'sofia@gmail.com', '0005 Temuco', '1990-10-18', '999827643', '1999-02-13');
INSERT INTO teachers (id, name, last_name, email, address, date_of_birth, phone, enrollment_date) VALUES (6, 'Valeria', 'Saldías', 'valeria@gmail.com', '0006 Temuco', '1983-01-08', '982249239', '1996-01-29');
INSERT INTO teachers (id, name, last_name, email, address, date_of_birth, phone, enrollment_date) VALUES (7, 'Lorena', 'Schulz', 'lorena@gmail.com', '0007 Temuco', '1974-04-05', '976236272', '2017-05-27');

INSERT INTO subjects (id, name) VALUES (1, 'Historia');
INSERT INTO subjects (id, name) VALUES (2, 'Matemáticas');
INSERT INTO subjects (id, name) VALUES (3, 'Bilogía');
INSERT INTO subjects (id, name) VALUES (4, 'Ciencias Naturales');
INSERT INTO subjects (id, name) VALUES (5, 'Física');
INSERT INTO subjects (id, name) VALUES (6, 'Filosofía');
INSERT INTO subjects (id, name) VALUES (7, 'Química');
INSERT INTO subjects (id, name) VALUES (8, 'Ed. Física');

INSERT INTO tutors (id, name, last_name, age, email, address) VALUES (1, 'Alan', 'Turing', 56, 'margarita@gmail.com', '0001 Temuco');
INSERT INTO tutors (id, name, last_name, age, email, address) VALUES (2, 'Leonardo', 'Da Vinci', 99, 'leonardo@gmail.com', '0002 Temuco');
INSERT INTO tutors (id, name, last_name, age, email, address) VALUES (3, 'Marie', 'Curie', 27, 'marie@gmail.com', '0003 Temuco');
INSERT INTO tutors (id, name, last_name, age, email, address) VALUES (4, 'Napoleón', 'Bonaparte', 38, 'napoleon@gmail.com', '0004 Temuco');
INSERT INTO tutors (id, name, last_name, age, email, address) VALUES (5, 'Ada', 'Lovelace', 80, 'ada@gmail.com', '0005 Temuco');

INSERT INTO students (id, name, last_name, age, date_of_birth, email, address, enrollment_date, is_active, tutor_id) VALUES (1, 'Rodrigo', 'Pardo', 8, '1999-01-08', 'rodrigo@gmail.com', '0001 Temuco', '2007-03-12', TRUE, 1);
INSERT INTO students (id, name, last_name, age, date_of_birth, email, address, enrollment_date, is_active, tutor_id) VALUES (2, 'Álvaro', 'Quiroz', 12, '1997-06-17', 'alvaro@gmail.com', '0002 Temuco', '2002-03-11', TRUE, 2);
INSERT INTO students (id, name, last_name, age, date_of_birth, email, address, enrollment_date, is_active, tutor_id) VALUES (3, 'Marcos', 'Navarrete', 6, '2001-12-12', 'marcos@gmail.com', '0003 Temuco', '2009-03-12', TRUE, 3);
INSERT INTO students (id, name, last_name, age, date_of_birth, email, address, enrollment_date, is_active, tutor_id) VALUES (4, 'Alex', 'Muñoz', 10, '2005-03-05', 'alex@gmail.com', '0004 Temuco', '2008-03-13', TRUE, 4);
INSERT INTO students (id, name, last_name, age, date_of_birth, email, address, enrollment_date, is_active, tutor_id) VALUES (5, 'Gilio', 'Linfati', 11, '1993-02-20', 'gilio@gmail.com', '0005 Temuco', '2010-03-15', TRUE, 5);
INSERT INTO students (id, name, last_name, age, date_of_birth, email, address, enrollment_date, is_active, tutor_id) VALUES (6, 'Gonzalo', 'Pardo', 15, '1998-10-18', 'gonzalo@gmail.com', '0001 Temuco', '2001-03-14', TRUE, 1);
INSERT INTO students (id, name, last_name, age, date_of_birth, email, address, enrollment_date, is_active, tutor_id) VALUES (7, 'Valentina', 'Pardo', 6, '1998-11-01','valentina@gmail.com', '0002 Temuco', '2009-03-11', FALSE, 2);
INSERT INTO students (id, name, last_name, age, date_of_birth, email, address, enrollment_date, is_active, tutor_id) VALUES (8, 'Constanza', 'Linfati', 17, '2000-02-20', 'constanza@gmail.com', '0005 Temuco', '2000-07-09', TRUE, 5);
INSERT INTO students (id, name, last_name, age, date_of_birth, email, address, enrollment_date, is_active, tutor_id) VALUES (9, 'Eduardo', 'Pardo', 10, '2009-04-05','eduardo@gmail.com', '0001 Temuco', '2008-03-12', FALSE, 1);

INSERT INTO grades (id, value, "date", student_id, subject_id) VALUES (1, 5.1, '2021-05-08', 8, 1);
INSERT INTO grades (id, value, "date", student_id, subject_id) VALUES (2, 3.6, '2021-06-17', 1, 2);
INSERT INTO grades (id, value, "date", student_id, subject_id) VALUES (3, 7.0, '2021-11-29', 3, 3);
INSERT INTO grades (id, value, "date", student_id, subject_id) VALUES (4, 1.1, '2021-04-17', 4, 4);
INSERT INTO grades (id, value, "date", student_id, subject_id) VALUES (5, 5.3, '2021-09-27', 2, 5);
INSERT INTO grades (id, value, "date", student_id, subject_id) VALUES (6, 4.9, '2021-12-01', 7, 6);
INSERT INTO grades (id, value, "date", student_id, subject_id) VALUES (7, 5.6, '2021-03-27', 9, 7);
INSERT INTO grades (id, value, "date", student_id, subject_id) VALUES (8, 6.1, '2021-03-29', 9, 8);
INSERT INTO grades (id, value, "date", student_id, subject_id) VALUES (9, 5.0, '2021-04-15', 1, 8);
INSERT INTO grades (id, value, "date", student_id, subject_id) VALUES (10, 5.8, '2021-04-16', 3, 7);
INSERT INTO grades (id, value, "date", student_id, subject_id) VALUES (11, 6.9, '2021-10-18', 2, 6);
INSERT INTO grades (id, value, "date", student_id, subject_id) VALUES (12, 1.9, '2021-10-18', 4, 5);
INSERT INTO grades (id, value, "date", student_id, subject_id) VALUES (13, 2.8, '2021-11-27', 5, 4);
INSERT INTO grades (id, value, "date", student_id, subject_id) VALUES (14, 3.4, '2021-03-08', 5, 3);
INSERT INTO grades (id, value, "date", student_id, subject_id) VALUES (15, 2.7, '2021-05-28', 8, 2);
INSERT INTO grades (id, value, "date", student_id, subject_id) VALUES (16, 7.0, '2021-06-03', 7, 1);
INSERT INTO grades (id, value, "date", student_id, subject_id) VALUES (17, 5.3, '2021-05-14', 1, 2);
INSERT INTO grades (id, value, "date", student_id, subject_id) VALUES (18, 6.7, '2021-10-08', 2, 3);
INSERT INTO grades (id, value, "date", student_id, subject_id) VALUES (19, 4.0, '2021-05-01', 6, 4);
INSERT INTO grades (id, value, "date", student_id, subject_id) VALUES (20, 4.0, '2021-08-19', 6, 5);
INSERT INTO grades (id, value, "date", student_id, subject_id) VALUES (21, 3.5, '2021-05-28', 6, 6);
INSERT INTO grades (id, value, "date", student_id, subject_id) VALUES (22, 7.0, '2021-12-04', 7, 7);
INSERT INTO grades (id, value, "date", student_id, subject_id) VALUES (23, 1.0, '2021-05-05', 8, 8);
INSERT INTO grades (id, value, "date", student_id, subject_id) VALUES (24, 5.4, '2021-07-18', 9, 7);
INSERT INTO grades (id, value, "date", student_id, subject_id) VALUES (25, 5.4, '2021-04-26', 4, 6);
INSERT INTO grades (id, value, "date", student_id, subject_id) VALUES (26, 2.6, '2021-07-02', 5, 5);
INSERT INTO grades (id, value, "date", student_id, subject_id) VALUES (27, 6.4, '2021-09-20', 6, 4);
INSERT INTO grades (id, value, "date", student_id, subject_id) VALUES (28, 6.6, '2021-10-05', 1, 3);
INSERT INTO grades (id, value, "date", student_id, subject_id) VALUES (29, 5.3, '2021-11-13', 2, 2);

INSERT INTO assistances (id, is_present, "date", student_id, subject_id) VALUES (1, TRUE, '2021-05-08', 8, 1);
INSERT INTO assistances (id, is_present, "date", student_id, subject_id) VALUES (2,  TRUE, '2021-06-12', 4, 5);
INSERT INTO assistances (id, is_present, "date", student_id, subject_id) VALUES (3,  FALSE, '2021-06-17', 1, 2);
INSERT INTO assistances (id, is_present, "date", student_id, subject_id) VALUES (4,  TRUE, '2021-11-29', 3, 3);
INSERT INTO assistances (id, is_present, "date", student_id, subject_id) VALUES (5,  TRUE, '2021-04-17', 4, 4);
INSERT INTO assistances (id, is_present, "date", student_id, subject_id) VALUES (6,  TRUE, '2021-03-29', 9, 8);
INSERT INTO assistances (id, is_present, "date", student_id, subject_id) VALUES (7,  FALSE, '2021-12-01', 7, 6);
INSERT INTO assistances (id, is_present, "date", student_id, subject_id) VALUES (8,  TRUE, '2021-09-27', 2, 5);
INSERT INTO assistances (id, is_present, "date", student_id, subject_id) VALUES (9, TRUE,  '2021-04-16', 3, 7);
INSERT INTO assistances (id, is_present, "date", student_id, subject_id) VALUES (10,  FALSE, '2021-04-15', 1, 8);
INSERT INTO assistances (id, is_present, "date", student_id, subject_id) VALUES (11,  FALSE, '2021-03-27', 9, 7);
INSERT INTO assistances (id, is_present, "date", student_id, subject_id) VALUES (12, TRUE,  '2021-10-18', 2, 6);
INSERT INTO assistances (id, is_present, "date", student_id, subject_id) VALUES (13, TRUE,  '2021-10-18', 4, 5);
INSERT INTO assistances (id, is_present, "date", student_id, subject_id) VALUES (14, TRUE,  '2021-11-27', 5, 4);
INSERT INTO assistances (id, is_present, "date", student_id, subject_id) VALUES (15, FALSE,  '2021-03-08', 5, 3);
INSERT INTO assistances (id, is_present, "date", student_id, subject_id) VALUES (16, FALSE,  '2021-05-28', 8, 2);
INSERT INTO assistances (id, is_present, "date", student_id, subject_id) VALUES (17, TRUE,  '2021-06-03', 7, 1);
INSERT INTO assistances (id, is_present, "date", student_id, subject_id) VALUES (18, TRUE,  '2021-05-14', 1, 2);
INSERT INTO assistances (id, is_present, "date", student_id, subject_id) VALUES (19, FALSE,  '2021-10-08', 2, 3);
INSERT INTO assistances (id, is_present, "date", student_id, subject_id) VALUES (20, TRUE,  '2021-05-01', 6, 4);
INSERT INTO assistances (id, is_present, "date", student_id, subject_id) VALUES (21, FALSE,  '2021-08-19', 6, 5);
INSERT INTO assistances (id, is_present, "date", student_id, subject_id) VALUES (22, TRUE,  '2021-05-28', 6, 6);
INSERT INTO assistances (id, is_present, "date", student_id, subject_id) VALUES (23, FALSE,  '2021-12-04', 7, 7);
INSERT INTO assistances (id, is_present, "date", student_id, subject_id) VALUES (24, TRUE,  '2021-05-05', 8, 8);
INSERT INTO assistances (id, is_present, "date", student_id, subject_id) VALUES (25, TRUE,  '2021-07-18', 9, 7);
INSERT INTO assistances (id, is_present, "date", student_id, subject_id) VALUES (26, FALSE,  '2021-04-26', 4, 6);
INSERT INTO assistances (id, is_present, "date", student_id, subject_id) VALUES (27, TRUE,  '2021-07-02', 5, 5);
INSERT INTO assistances (id, is_present, "date", student_id, subject_id) VALUES (28, TRUE,  '2021-09-20', 6, 4);
INSERT INTO assistances (id, is_present, "date", student_id, subject_id) VALUES (29, FALSE,  '2021-10-05', 1, 3);
INSERT INTO assistances (id, is_present, "date", student_id, subject_id) VALUES (30, TRUE,  '2021-11-13', 2, 2);

INSERT INTO homework_states (id, name) VALUES (1, 'Entregada');
INSERT INTO homework_states (id, name) VALUES (2, 'No entregada');
INSERT INTO homework_states (id, name) VALUES (3, 'Pendiente');

INSERT INTO homeworks (id, instruction, "date", homework_state_id, student_id, subject_id) VALUES (1, '', '2021-05-08', 1, 8, 1);
INSERT INTO homeworks (id, instruction, "date", homework_state_id, student_id, subject_id) VALUES (2, '', '2021-05-08', 2, 8, 1);
INSERT INTO homeworks (id, instruction, "date", homework_state_id, student_id, subject_id) VALUES (3, '', '2021-06-17', 3, 1, 2);
INSERT INTO homeworks (id, instruction, "date", homework_state_id, student_id, subject_id) VALUES (4, '', '2021-11-29', 1, 3, 3);
INSERT INTO homeworks (id, instruction, "date", homework_state_id, student_id, subject_id) VALUES (5, '', '2021-04-17', 1, 4, 4);
INSERT INTO homeworks (id, instruction, "date", homework_state_id, student_id, subject_id) VALUES (6, '', '2021-03-29', 3, 9, 8);
INSERT INTO homeworks (id, instruction, "date", homework_state_id, student_id, subject_id) VALUES (7, '', '2021-12-01', 2, 7, 6);
INSERT INTO homeworks (id, instruction, "date", homework_state_id, student_id, subject_id) VALUES (8, '', '2021-09-27', 2, 2, 5);
INSERT INTO homeworks (id, instruction, "date", homework_state_id, student_id, subject_id) VALUES (9, '', '2021-04-16', 1, 3, 7);
INSERT INTO homeworks (id, instruction, "date", homework_state_id, student_id, subject_id) VALUES (10, '', '2021-04-15', 1, 1, 8);
INSERT INTO homeworks (id, instruction, "date", homework_state_id, student_id, subject_id) VALUES (11, '', '2021-03-27', 2, 9, 7);
INSERT INTO homeworks (id, instruction, "date", homework_state_id, student_id, subject_id) VALUES (12, '', '2021-10-18', 3, 2, 6);
INSERT INTO homeworks (id, instruction, "date", homework_state_id, student_id, subject_id) VALUES (13, '', '2021-10-18', 2, 4, 5);
INSERT INTO homeworks (id, instruction, "date", homework_state_id, student_id, subject_id) VALUES (14, '', '2021-11-27', 1, 5, 4);
INSERT INTO homeworks (id, instruction, "date", homework_state_id, student_id, subject_id) VALUES (15, '', '2021-03-08', 2, 5, 3);
INSERT INTO homeworks (id, instruction, "date", homework_state_id, student_id, subject_id) VALUES (16, '', '2021-05-28', 3, 8, 2);
INSERT INTO homeworks (id, instruction, "date", homework_state_id, student_id, subject_id) VALUES (17, '', '2021-06-03', 2, 7, 1);
INSERT INTO homeworks (id, instruction, "date", homework_state_id, student_id, subject_id) VALUES (18, '', '2021-05-14', 1, 1, 2);
INSERT INTO homeworks (id, instruction, "date", homework_state_id, student_id, subject_id) VALUES (19, '', '2021-10-08', 3, 2, 3);
INSERT INTO homeworks (id, instruction, "date", homework_state_id, student_id, subject_id) VALUES (20, '', '2021-05-01', 2, 6, 4);
INSERT INTO homeworks (id, instruction, "date", homework_state_id, student_id, subject_id) VALUES (21, '', '2021-08-19', 1, 6, 5);
INSERT INTO homeworks (id, instruction, "date", homework_state_id, student_id, subject_id) VALUES (22, '', '2021-05-28', 2, 6, 6);
INSERT INTO homeworks (id, instruction, "date", homework_state_id, student_id, subject_id) VALUES (23, '', '2021-12-04', 3, 7, 7);
INSERT INTO homeworks (id, instruction, "date", homework_state_id, student_id, subject_id) VALUES (24, '', '2021-05-05', 3, 8, 8);
INSERT INTO homeworks (id, instruction, "date", homework_state_id, student_id, subject_id) VALUES (25, '', '2021-07-18', 1, 9, 7);
INSERT INTO homeworks (id, instruction, "date", homework_state_id, student_id, subject_id) VALUES (26, '', '2021-04-26', 2, 4, 6);
INSERT INTO homeworks (id, instruction, "date", homework_state_id, student_id, subject_id) VALUES (27, '', '2021-07-02', 3, 5, 5);
INSERT INTO homeworks (id, instruction, "date", homework_state_id, student_id, subject_id) VALUES (28, '', '2021-09-20', 2, 6, 4);
INSERT INTO homeworks (id, instruction, "date", homework_state_id, student_id, subject_id) VALUES (29, '', '2021-10-05', 1, 1, 3);
INSERT INTO homeworks (id, instruction, "date", homework_state_id, student_id, subject_id) VALUES (30, '', '2021-11-13', 3, 2, 2);

INSERT INTO students_courses (student_id, course_id) VALUES (1, 2);
INSERT INTO students_courses (student_id, course_id) VALUES (1, 14);
INSERT INTO students_courses (student_id, course_id) VALUES (2, 5);
INSERT INTO students_courses (student_id, course_id) VALUES (2, 18);
INSERT INTO students_courses (student_id, course_id) VALUES (3, 10);
INSERT INTO students_courses (student_id, course_id) VALUES (3, 23);
INSERT INTO students_courses (student_id, course_id) VALUES (4, 1);
INSERT INTO students_courses (student_id, course_id) VALUES (4, 14);
INSERT INTO students_courses (student_id, course_id) VALUES (5, 11);
INSERT INTO students_courses (student_id, course_id) VALUES (5, 24);
INSERT INTO students_courses (student_id, course_id) VALUES (6, 7);
INSERT INTO students_courses (student_id, course_id) VALUES (6, 20);
INSERT INTO students_courses (student_id, course_id) VALUES (7, 3);
INSERT INTO students_courses (student_id, course_id) VALUES (7, 16);
INSERT INTO students_courses (student_id, course_id) VALUES (8, 6);
INSERT INTO students_courses (student_id, course_id) VALUES (8, 19);
INSERT INTO students_courses (student_id, course_id) VALUES (9, 2);
INSERT INTO students_courses (student_id, course_id) VALUES (9, 15);

INSERT INTO students_subjects (student_id, subject_id) VALUES (1, 1);
INSERT INTO students_subjects (student_id, subject_id) VALUES (2, 2);
INSERT INTO students_subjects (student_id, subject_id) VALUES (3, 3);
INSERT INTO students_subjects (student_id, subject_id) VALUES (4, 4);
INSERT INTO students_subjects (student_id, subject_id) VALUES (5, 5);
INSERT INTO students_subjects (student_id, subject_id) VALUES (6, 6);
INSERT INTO students_subjects (student_id, subject_id) VALUES (7, 7);
INSERT INTO students_subjects (student_id, subject_id) VALUES (8, 8);
INSERT INTO students_subjects (student_id, subject_id) VALUES (9, 7);
INSERT INTO students_subjects (student_id, subject_id) VALUES (8, 6);
INSERT INTO students_subjects (student_id, subject_id) VALUES (7, 5);
INSERT INTO students_subjects (student_id, subject_id) VALUES (6, 4);
INSERT INTO students_subjects (student_id, subject_id) VALUES (5, 3);
INSERT INTO students_subjects (student_id, subject_id) VALUES (4, 2);
INSERT INTO students_subjects (student_id, subject_id) VALUES (4, 1);
INSERT INTO students_subjects (student_id, subject_id) VALUES (3, 2);
INSERT INTO students_subjects (student_id, subject_id) VALUES (2, 3);
INSERT INTO students_subjects (student_id, subject_id) VALUES (1, 4);
INSERT INTO students_subjects (student_id, subject_id) VALUES (2, 5);
INSERT INTO students_subjects (student_id, subject_id) VALUES (3, 6);
INSERT INTO students_subjects (student_id, subject_id) VALUES (4, 7);
INSERT INTO students_subjects (student_id, subject_id) VALUES (5, 8);
INSERT INTO students_subjects (student_id, subject_id) VALUES (6, 7);
INSERT INTO students_subjects (student_id, subject_id) VALUES (7, 6);
INSERT INTO students_subjects (student_id, subject_id) VALUES (8, 4);
INSERT INTO students_subjects (student_id, subject_id) VALUES (9, 3);

INSERT INTO teachers_subjects (teacher_id, subject_id) VALUES (1, 1);
INSERT INTO teachers_subjects (teacher_id, subject_id) VALUES (2, 2);
INSERT INTO teachers_subjects (teacher_id, subject_id) VALUES (3, 3);
INSERT INTO teachers_subjects (teacher_id, subject_id) VALUES (4, 4);
INSERT INTO teachers_subjects (teacher_id, subject_id) VALUES (5, 5);
INSERT INTO teachers_subjects (teacher_id, subject_id) VALUES (6, 6);
INSERT INTO teachers_subjects (teacher_id, subject_id) VALUES (7, 7);
INSERT INTO teachers_subjects (teacher_id, subject_id) VALUES (6, 8);
INSERT INTO teachers_subjects (teacher_id, subject_id) VALUES (5, 7);
INSERT INTO teachers_subjects (teacher_id, subject_id) VALUES (4, 6);
INSERT INTO teachers_subjects (teacher_id, subject_id) VALUES (3, 5);
INSERT INTO teachers_subjects (teacher_id, subject_id) VALUES (2, 4);
INSERT INTO teachers_subjects (teacher_id, subject_id) VALUES (1, 3);
INSERT INTO teachers_subjects (teacher_id, subject_id) VALUES (2, 7);
INSERT INTO teachers_subjects (teacher_id, subject_id) VALUES (3, 1);
INSERT INTO teachers_subjects (teacher_id, subject_id) VALUES (4, 2);
INSERT INTO teachers_subjects (teacher_id, subject_id) VALUES (5, 3);
INSERT INTO teachers_subjects (teacher_id, subject_id) VALUES (1, 4);
INSERT INTO teachers_subjects (teacher_id, subject_id) VALUES (7, 5);
INSERT INTO teachers_subjects (teacher_id, subject_id) VALUES (3, 6);
INSERT INTO teachers_subjects (teacher_id, subject_id) VALUES (2, 3);
INSERT INTO teachers_subjects (teacher_id, subject_id) VALUES (4, 8);
INSERT INTO teachers_subjects (teacher_id, subject_id) VALUES (7, 1);
INSERT INTO teachers_subjects (teacher_id, subject_id) VALUES (1, 6);
INSERT INTO teachers_subjects (teacher_id, subject_id) VALUES (5, 2);
INSERT INTO teachers_subjects (teacher_id, subject_id) VALUES (6, 3);