INSERT INTO schools (id, name, address, email) VALUES (1, 'Culming Up', '0129 Carahue', 'culmingup@gmail.com');

INSERT INTO administrators (id, name, last_name, email, address, date_of_birth, enrollment_date, school_id) VALUES (1, 'Doris', 'Pacheco', 'doris@gmail.com', '1923 Temuco', '1965-09-12', '1999-02-03', 1);
INSERT INTO administrators (id, name, last_name, email, address, date_of_birth, enrollment_date, school_id) VALUES (2, 'Francisco', 'Machuca', 'francisco@gmail.com', '0102 Labranza', '1972-01-01', '2003-12-12', 1);

INSERT INTO courses (id, level) VALUES (1, 'Primero Básico');
INSERT INTO courses (id, level) VALUES (2, 'Segundo Básico');
INSERT INTO courses (id, level) VALUES (3, 'Tercero Básico');
INSERT INTO courses (id, level) VALUES (4, 'Cuarto Básico');
INSERT INTO courses (id, level) VALUES (5, 'Quinto Básico');
INSERT INTO courses (id, level) VALUES (6, 'Sexto Básico');
INSERT INTO courses (id, level) VALUES (7, 'Séptimo Básico');
INSERT INTO courses (id, level) VALUES (8, 'Octavo Básico');
INSERT INTO courses (id, level) VALUES (9, 'Primero Medio');
INSERT INTO courses (id, level) VALUES (10, 'Segundo Medio');
INSERT INTO courses (id, level) VALUES (11, 'Tercero Medio');
INSERT INTO courses (id, level) VALUES (12, 'Cuarto Medio');

INSERT INTO teachers (id, name, last_name, email, address, date_of_birth, phone, enrollment_date, school_id) VALUES (1, 'Marieta', 'Vergara', 'marieta@gmail.com', '0001 Temuco', '1957-04-17', '912345678', '2007-05-18', 1);
INSERT INTO teachers (id, name, last_name, email, address, date_of_birth, phone, enrollment_date, school_id) VALUES (2, 'Verónica', 'Parra', 'veronica@gmail.com', '0002 Temuco', '1998-11-11', '981244512', '2002-04-03', 1);
INSERT INTO teachers (id, name, last_name, email, address, date_of_birth, phone, enrollment_date, school_id) VALUES (3, 'Guillermo', 'Soto', 'guillermo@gmail.com', '0003 Temuco', '1979-02-23', '912414457', '2001-03-12', 1);
INSERT INTO teachers (id, name, last_name, email, address, date_of_birth, phone, enrollment_date, school_id) VALUES (4, 'Sebastián', 'Navarro', 'sebastian@gmail.com', '0004 Temuco', '1993-07-11', '987654321', '2002-11-30', 1);
INSERT INTO teachers (id, name, last_name, email, address, date_of_birth, phone, enrollment_date, school_id) VALUES (5, 'Sofía', 'Torres', 'sofia@gmail.com', '0005 Temuco', '1990-10-18', '999827643', '1999-02-13', 1);
INSERT INTO teachers (id, name, last_name, email, address, date_of_birth, phone, enrollment_date, school_id) VALUES (6, 'Valeria', 'Saldías', 'valeria@gmail.com', '0006 Temuco', '1983-01-08', '982249239', '1996-01-29', 1);
INSERT INTO teachers (id, name, last_name, email, address, date_of_birth, phone, enrollment_date, school_id) VALUES (7, 'Lorena', 'Schulz', 'lorena@gmail.com', '0007 Temuco', '1974-04-05', '976236272', '2017-05-27', 1);

INSERT INTO teachers (id, name, last_name, email, address, date_of_birth, phone, enrollment_date, school_id) VALUES (8, 'Egon', 'Targerian', 'egon@gmail.com', '0009 Labranza', '1993-12-19', '922971029', '2011-11-11', 1);
INSERT INTO teachers (id, name, last_name, email, address, date_of_birth, phone, enrollment_date, school_id) VALUES (9, 'Mauricio', 'Torres', 'mauricio@gmail.com', '0010 Temuco', '1998-11-11', '981244555', '2004-07-01', 1);
INSERT INTO teachers (id, name, last_name, email, address, date_of_birth, phone, enrollment_date, school_id) VALUES (10, 'Felipe', 'Molina', 'felipe@gmail.com', '0011 Temuco', '1965-05-30', '999824311', '2021-10-28', 1);
INSERT INTO teachers (id, name, last_name, email, address, date_of_birth, phone, enrollment_date, school_id) VALUES (11, 'Fernando', 'Aranguiz', 'fernando@gmail.com', '0012 Temuco', '1980-04-01', '911220123', '1999-03-10', 1);
INSERT INTO teachers (id, name, last_name, email, address, date_of_birth, phone, enrollment_date, school_id) VALUES (12, 'Washington', 'Trump', 'washington@gmail.com', '0013 Temuco', '1989-06-03', '972010012', '2005-02-11', 1);
INSERT INTO teachers (id, name, last_name, email, address, date_of_birth, phone, enrollment_date, school_id) VALUES (13, 'Vladimir', 'Snow', 'vladimir@gmail.com', '0014 Temuco', '1973-04-04', '946527912', '2019-01-09', 1);
INSERT INTO teachers (id, name, last_name, email, address, date_of_birth, phone, enrollment_date, school_id) VALUES (14, 'Zedd', 'Shadows', 'zed@gmail.com', '0014 Temuco', '1974-04-05', '922113843', '2000-03-03', 1);

INSERT INTO subject_types (id, type) VALUES (1, 'Obligatorio');
INSERT INTO subject_types (id, type) VALUES (2, 'Opcional');

INSERT INTO subjects (id, name, subject_type_id) VALUES (1, 'Historia', 1);
INSERT INTO subjects (id, name, subject_type_id) VALUES (2, 'Matemáticas', 1);
INSERT INTO subjects (id, name, subject_type_id) VALUES (3, 'Bilogía', 1);
INSERT INTO subjects (id, name, subject_type_id) VALUES (4, 'Ciencias Naturales', 1);
INSERT INTO subjects (id, name, subject_type_id) VALUES (5, 'Física', 1);
INSERT INTO subjects (id, name, subject_type_id) VALUES (6, 'Filosofía', 1);
INSERT INTO subjects (id, name, subject_type_id) VALUES (7, 'Química', 1);
INSERT INTO subjects (id, name, subject_type_id) VALUES (8, 'Ed. Física' ,1);
INSERT INTO subjects (id, name, subject_type_id) VALUES (9, 'Artes', 1);
INSERT INTO subjects (id, name, subject_type_id) VALUES (10, 'Música', 1);
INSERT INTO subjects (id, name, subject_type_id, quotas) VALUES (11, 'Taller de Fútbol', 2, 20);
INSERT INTO subjects (id, name, subject_type_id, quotas) VALUES (12, 'Taller de Ajedrez', 2, 30);
INSERT INTO subjects (id, name, subject_type_id, quotas) VALUES (13, 'Religión', 2, 45);
INSERT INTO subjects (id, name, subject_type_id) VALUES (14, 'Lenguaje y Comunicaciones', 1);
INSERT INTO subjects (id, name, subject_type_id) VALUES (15, 'Inglés', 1);

INSERT INTO tutors (id, name, last_name, age, email, address) VALUES (1, 'Alan', 'Turing', 56, 'margarita@gmail.com', '0001 Temuco');
INSERT INTO tutors (id, name, last_name, age, email, address) VALUES (2, 'Leonardo', 'Da Vinci', 99, 'leonardo@gmail.com', '0002 Temuco');
INSERT INTO tutors (id, name, last_name, age, email, address) VALUES (3, 'Marie', 'Curie', 27, 'marie@gmail.com', '0003 Temuco');
INSERT INTO tutors (id, name, last_name, age, email, address) VALUES (4, 'Napoleón', 'Bonaparte', 38, 'napoleon@gmail.com', '0004 Temuco');
INSERT INTO tutors (id, name, last_name, age, email, address) VALUES (5, 'Ada', 'Lovelace', 80, 'ada@gmail.com', '0005 Temuco');
INSERT INTO tutors (id, name, last_name, age, email, address) VALUES (6, 'Albert', 'Einstein', 90, 'einstein@gmail.com', '0006 Temuco');
INSERT INTO tutors (id, name, last_name, age, email, address) VALUES (7, 'Isaac', 'Newton', 77, 'newton@gmail.com', '0007 Temuco');
INSERT INTO tutors (id, name, last_name, age, email, address) VALUES (8, 'Wolfgang', 'Mozart', 28, 'mozart@gmail.com', '0008 Temuco');
INSERT INTO tutors (id, name, last_name, age, email, address) VALUES (9, 'Nikola', 'Tesla', 40, 'tesla@gmail.com', '0009 Temuco');
INSERT INTO tutors (id, name, last_name, age, email, address) VALUES (10, 'Margaret', 'Hamilton', 63, 'hamilton@gmail.com', '0010 Temuco');

INSERT INTO students (id, name, last_name, age, date_of_birth, email, address, enrollment_date, is_active, tutor_id, school_id) VALUES (1, 'Rodrigo', 'Pardo', 8, '1999-01-08', 'rodrigo@gmail.com', '0001 Temuco', '2007-03-12', TRUE, 1, 1);
INSERT INTO students (id, name, last_name, age, date_of_birth, email, address, enrollment_date, is_active, tutor_id, school_id) VALUES (2, 'Álvaro', 'Quiroz', 12, '1997-06-17', 'alvaro@gmail.com', '0002 Temuco', '2002-03-11', TRUE, 2, 1);
INSERT INTO students (id, name, last_name, age, date_of_birth, email, address, enrollment_date, is_active, tutor_id, school_id) VALUES (3, 'Marcos', 'Navarrete', 6, '2001-12-12', 'marcos@gmail.com', '0003 Temuco', '2009-03-12', TRUE, 3, 1);
INSERT INTO students (id, name, last_name, age, date_of_birth, email, address, enrollment_date, is_active, tutor_id, school_id) VALUES (4, 'Alex', 'Muñoz', 10, '2005-03-05', 'alex@gmail.com', '0004 Temuco', '2008-03-13', TRUE, 4, 1);
INSERT INTO students (id, name, last_name, age, date_of_birth, email, address, enrollment_date, is_active, tutor_id, school_id) VALUES (5, 'Gilio', 'Linfati', 11, '1993-02-20', 'gilio@gmail.com', '0005 Temuco', '2010-03-15', TRUE, 5, 1);
INSERT INTO students (id, name, last_name, age, date_of_birth, email, address, enrollment_date, is_active, tutor_id, school_id) VALUES (6, 'Gonzalo', 'Pardo', 15, '1998-10-18', 'gonzalo@gmail.com', '0001 Temuco', '2001-03-14', TRUE, 1, 1);
INSERT INTO students (id, name, last_name, age, date_of_birth, email, address, enrollment_date, is_active, tutor_id, school_id) VALUES (7, 'Valentina', 'Pardo', 6, '1998-11-01','valentina@gmail.com', '0002 Temuco', '2009-03-11', FALSE, 2, 1);
INSERT INTO students (id, name, last_name, age, date_of_birth, email, address, enrollment_date, is_active, tutor_id, school_id) VALUES (8, 'Constanza', 'Linfati', 17, '2000-02-20', 'constanza@gmail.com', '0005 Temuco', '2000-07-09', TRUE, 5, 1);
INSERT INTO students (id, name, last_name, age, date_of_birth, email, address, enrollment_date, is_active, tutor_id, school_id) VALUES (9, 'Eduardo', 'Pardo', 10, '2009-04-05','eduardo@gmail.com', '0006 Temuco', '2008-03-12', FALSE, 1, 1);
INSERT INTO students (id, name, last_name, age, date_of_birth, email, address, enrollment_date, is_active, tutor_id, school_id) VALUES (10, 'Benjamín', 'Valenzuela', 12, '2006-12-11', 'benjamin@gmail.com', '0007 Temuco', '2007-03-12', TRUE, 10, 1);
INSERT INTO students (id, name, last_name, age, date_of_birth, email, address, enrollment_date, is_active, tutor_id, school_id) VALUES (11, 'Margarita', 'Peralez', 7, '1997-06-17', 'margaritaper@gmail.com', '0008 Temuco', '2002-03-11', TRUE, 6, 1);
INSERT INTO students (id, name, last_name, age, date_of_birth, email, address, enrollment_date, is_active, tutor_id, school_id) VALUES (12, 'Sebastián', 'García', 16, '2001-12-12', 'sebastiang@gmail.com', '0009 Temuco', '2009-03-12', TRUE, 7, 1);
INSERT INTO students (id, name, last_name, age, date_of_birth, email, address, enrollment_date, is_active, tutor_id, school_id) VALUES (13, 'Carlos', 'Huaiquinao', 14, '2005-03-05', 'carlosh@gmail.com', '0010 Temuco', '2008-03-13', TRUE, 8, 1);
INSERT INTO students (id, name, last_name, age, date_of_birth, email, address, enrollment_date, is_active, tutor_id, school_id) VALUES (14, 'Daniela', 'Burgos', 11, '1993-02-20', 'danieelab@gmail.com', '0011 Temuco', '2010-03-15', TRUE, 9, 1);
INSERT INTO students (id, name, last_name, age, date_of_birth, email, address, enrollment_date, is_active, tutor_id, school_id) VALUES (15, 'Alberto', 'Pincheira', 17, '1998-10-18', 'albertopi@gmail.com', '0012 Temuco', '2001-03-14', TRUE, 6, 1);
INSERT INTO students (id, name, last_name, age, date_of_birth, email, address, enrollment_date, is_active, tutor_id, school_id) VALUES (16, 'Alexis', 'Gatica', 6, '1998-11-01','alexisga@gmail.com', '0013 Temuco', '2009-03-11', FALSE, 10, 1);
INSERT INTO students (id, name, last_name, age, date_of_birth, email, address, enrollment_date, is_active, tutor_id, school_id) VALUES (17, 'Lorena', 'Atom', 8, '2000-02-20', 'lorenaat@gmail.com', '0014 Temuco', '2000-07-09', TRUE, 7, 1);
INSERT INTO students (id, name, last_name, age, date_of_birth, email, address, enrollment_date, is_active, tutor_id, school_id) VALUES (18, 'Carolina', 'Benavides', 15, '2009-04-05','carloninabena@gmail.com', '0015 Temuco', '2008-03-12', TRUE, 8, 1);
INSERT INTO students (id, name, last_name, age, date_of_birth, email, address, enrollment_date, is_active, tutor_id, school_id) VALUES (19, 'Antonio', 'Lagos', 9, '2009-04-05','antoniola@gmail.com', '0016 Temuco', '2008-03-12', TRUE, 6, 1);
INSERT INTO students (id, name, last_name, age, date_of_birth, email, address, enrollment_date, is_active, tutor_id, school_id) VALUES (20, 'Nelson', 'Huilcamán', 8, '2009-04-05','nelsonhuil@gmail.com', '0017 Temuco', '2008-03-12', TRUE, 10, 1);

INSERT INTO evaluation_types (id, type) VALUES (1, 'Evaluación');
INSERT INTO evaluation_types (id, type) VALUES (2, 'Taller');

INSERT INTO evaluations (id, description, qualification_date, year, type_id, subject_id, course_id) VALUES (1, 'Evaluación 1', '2021-05-08', 2021, 1, 1, 1);
INSERT INTO evaluations (id, description, qualification_date, year, type_id, subject_id, course_id) VALUES (2, 'Evaluación 2', '2021-06-17', 2021, 1, 1, 1);
INSERT INTO evaluations (id, description, qualification_date, year, type_id, subject_id, course_id) VALUES (3, 'Taller 1', '2021-11-29', 2021, 2, 1, 1);
INSERT INTO evaluations (id, description, qualification_date, year, type_id, subject_id, course_id) VALUES (4, 'Taller 2', '2021-04-17', 2021, 2, 1, 1);

INSERT INTO evaluations (id, description, qualification_date, year, type_id, subject_id, course_id) VALUES (5, 'Evaluación 1', '2021-05-08', 2021, 1, 2, 1);
INSERT INTO evaluations (id, description, qualification_date, year, type_id, subject_id, course_id) VALUES (6, 'Evaluación 2', '2021-06-17', 2021, 1, 2, 1);
INSERT INTO evaluations (id, description, qualification_date, year, type_id, subject_id, course_id) VALUES (7, 'Evaluación 3', '2021-06-17', 2021, 1, 2, 1);
INSERT INTO evaluations (id, description, qualification_date, year, type_id, subject_id, course_id) VALUES (8, 'Evaluación 4', '2021-06-17', 2021, 1, 2, 1);
INSERT INTO evaluations (id, description, qualification_date, year, type_id, subject_id, course_id) VALUES (9, 'Taller 1', '2021-11-29', 2021, 2, 2, 1);
INSERT INTO evaluations (id, description, qualification_date, year, type_id, subject_id, course_id) VALUES (10, 'Taller 2', '2021-04-17', 2021, 2, 2, 1);
INSERT INTO evaluations (id, description, qualification_date, year, type_id, subject_id, course_id) VALUES (11, 'Taller 3', '2021-04-17', 2021, 2, 2, 1);

INSERT INTO evaluations (id, description, qualification_date, year, type_id, subject_id, course_id) VALUES (12, 'Evaluación 1', '2021-05-08', 2021, 1, 3, 1);
INSERT INTO evaluations (id, description, qualification_date, year, type_id, subject_id, course_id) VALUES (13, 'Evaluación 2', '2021-06-17', 2021, 1, 3, 1);
INSERT INTO evaluations (id, description, qualification_date, year, type_id, subject_id, course_id) VALUES (14, 'Evaluación 3', '2021-06-17', 2021, 1, 3, 1);
INSERT INTO evaluations (id, description, qualification_date, year, type_id, subject_id, course_id) VALUES (15, 'Taller 1', '2021-11-29', 2021, 2, 3, 1);
INSERT INTO evaluations (id, description, qualification_date, year, type_id, subject_id, course_id) VALUES (16, 'Taller 2', '2021-04-17', 2021, 2, 3, 1);
INSERT INTO evaluations (id, description, qualification_date, year, type_id, subject_id, course_id) VALUES (17, 'Taller 3', '2021-04-17', 2021, 2, 3, 1);

INSERT INTO evaluations (id, description, qualification_date, year, type_id, subject_id, course_id) VALUES (18, 'Evaluación 1', '2021-05-08', 2021, 1, 4, 1);
INSERT INTO evaluations (id, description, qualification_date, year, type_id, subject_id, course_id) VALUES (19, 'Evaluación 2', '2021-06-17', 2021, 1, 4, 1);
INSERT INTO evaluations (id, description, qualification_date, year, type_id, subject_id, course_id) VALUES (20, 'Taller 1', '2021-11-29', 2021, 2, 4, 1);

INSERT INTO evaluations (id, description, qualification_date, year, type_id, subject_id, course_id) VALUES (21, 'Evaluación 1', '2021-05-08', 2021, 1, 5, 1);
INSERT INTO evaluations (id, description, qualification_date, year, type_id, subject_id, course_id) VALUES (22, 'Evaluación 2', '2021-06-17', 2021, 1, 5, 1);
INSERT INTO evaluations (id, description, qualification_date, year, type_id, subject_id, course_id) VALUES (23, 'Evaluación 3', '2021-06-17', 2021, 1, 5, 1);
INSERT INTO evaluations (id, description, qualification_date, year, type_id, subject_id, course_id) VALUES (24, 'Taller 1', '2021-11-29', 2021, 2, 5, 1);
INSERT INTO evaluations (id, description, qualification_date, year, type_id, subject_id, course_id) VALUES (25, 'Taller 2', '2021-04-17', 2021, 2, 5, 1);
INSERT INTO evaluations (id, description, qualification_date, year, type_id, subject_id, course_id) VALUES (26, 'Taller 3', '2021-04-17', 2021, 2, 5, 1);

INSERT INTO evaluations (id, description, qualification_date, year, type_id, subject_id, course_id) VALUES (27, 'Evaluación 1', '2021-05-08', 2021, 1, 6, 1);
INSERT INTO evaluations (id, description, qualification_date, year, type_id, subject_id, course_id) VALUES (28, 'Evaluación 2', '2021-06-17', 2021, 1, 6, 1);
INSERT INTO evaluations (id, description, qualification_date, year, type_id, subject_id, course_id) VALUES (29, 'Taller 1', '2021-11-29', 2021, 2, 6, 1);
INSERT INTO evaluations (id, description, qualification_date, year, type_id, subject_id, course_id) VALUES (30, 'Taller 2', '2021-04-17', 2021, 2, 6, 1);

INSERT INTO evaluations (id, description, qualification_date, year, type_id, subject_id, course_id) VALUES (31, 'Evaluación 1', '2021-05-08', 2021, 1, 7, 1);
INSERT INTO evaluations (id, description, qualification_date, year, type_id, subject_id, course_id) VALUES (32, 'Taller 1', '2021-11-29', 2021, 2, 7, 1);

INSERT INTO evaluations (id, description, qualification_date, year, type_id, subject_id, course_id) VALUES (33, 'Evaluación 1', '2021-05-08', 2021, 1, 8, 1);
INSERT INTO evaluations (id, description, qualification_date, year, type_id, subject_id, course_id) VALUES (34, 'Evaluación 2', '2021-06-17', 2021, 1, 8, 1);
INSERT INTO evaluations (id, description, qualification_date, year, type_id, subject_id, course_id) VALUES (35, 'Taller 1', '2021-11-29', 2021, 2, 8, 1);
INSERT INTO evaluations (id, description, qualification_date, year, type_id, subject_id, course_id) VALUES (36, 'Taller 2', '2021-04-17', 2021, 2, 8, 1);

INSERT INTO evaluations (id, description, qualification_date, year, type_id, subject_id, course_id) VALUES (37, 'Evaluación 1', '2021-05-08', 2021, 1, 9, 1);
INSERT INTO evaluations (id, description, qualification_date, year, type_id, subject_id, course_id) VALUES (38, 'Taller 1', '2021-11-29', 2021, 2, 9, 1);
INSERT INTO evaluations (id, description, qualification_date, year, type_id, subject_id, course_id) VALUES (39, 'Taller 2', '2021-04-17', 2021, 2, 9, 1);
INSERT INTO evaluations (id, description, qualification_date, year, type_id, subject_id, course_id) VALUES (40, 'Taller 3', '2021-04-17', 2021, 2, 9, 1);

INSERT INTO evaluations (id, description, qualification_date, year, type_id, subject_id, course_id) VALUES (41, 'Evaluación 1', '2021-05-08', 2021, 1, 10, 1);
INSERT INTO evaluations (id, description, qualification_date, year, type_id, subject_id, course_id) VALUES (42, 'Evaluación 2', '2021-06-17', 2021, 1, 10, 1);
INSERT INTO evaluations (id, description, qualification_date, year, type_id, subject_id, course_id) VALUES (43, 'Evaluación 3', '2021-06-17', 2021, 1, 10, 1);
INSERT INTO evaluations (id, description, qualification_date, year, type_id, subject_id, course_id) VALUES (44, 'Evaluación 4', '2021-06-17', 2021, 1, 10, 1);
INSERT INTO evaluations (id, description, qualification_date, year, type_id, subject_id, course_id) VALUES (45, 'Evaluación 5', '2021-06-17', 2021, 1, 10, 1);
INSERT INTO evaluations (id, description, qualification_date, year, type_id, subject_id, course_id) VALUES (46, 'Taller 1', '2021-11-29', 2021, 2, 10, 1);
INSERT INTO evaluations (id, description, qualification_date, year, type_id, subject_id, course_id) VALUES (47, 'Taller 2', '2021-04-17', 2021, 2, 10, 1);
INSERT INTO evaluations (id, description, qualification_date, year, type_id, subject_id, course_id) VALUES (48, 'Taller 3', '2021-04-17', 2021, 2, 10, 1);
INSERT INTO evaluations (id, description, qualification_date, year, type_id, subject_id, course_id) VALUES (49, 'Taller 4', '2021-04-17', 2021, 2, 10, 1);

INSERT INTO evaluations (id, description, qualification_date, year, type_id, subject_id, course_id) VALUES (50, 'Evaluación 1', '2021-05-08', 2021, 1, 11, 1);
INSERT INTO evaluations (id, description, qualification_date, year, type_id, subject_id, course_id) VALUES (51, 'Evaluación 2', '2021-06-17', 2021, 1, 11, 1);
INSERT INTO evaluations (id, description, qualification_date, year, type_id, subject_id, course_id) VALUES (52, 'Evaluación 3', '2021-06-17', 2021, 1, 11, 1);
INSERT INTO evaluations (id, description, qualification_date, year, type_id, subject_id, course_id) VALUES (53, 'Taller 1', '2021-11-29', 2021, 2, 11, 1);
INSERT INTO evaluations (id, description, qualification_date, year, type_id, subject_id, course_id) VALUES (54, 'Taller 2', '2021-04-17', 2021, 2, 11, 1);
INSERT INTO evaluations (id, description, qualification_date, year, type_id, subject_id, course_id) VALUES (55, 'Taller 3', '2021-04-17', 2021, 2, 11, 1);

INSERT INTO evaluations (id, description, qualification_date, year, type_id, subject_id, course_id) VALUES (56, 'Evaluación 1', '2021-05-08', 2021, 1, 12, 1);
INSERT INTO evaluations (id, description, qualification_date, year, type_id, subject_id, course_id) VALUES (57, 'Taller 1', '2021-11-29', 2021, 2, 12, 1);
INSERT INTO evaluations (id, description, qualification_date, year, type_id, subject_id, course_id) VALUES (58, 'Taller 2', '2021-04-17', 2021, 2, 12, 1);
INSERT INTO evaluations (id, description, qualification_date, year, type_id, subject_id, course_id) VALUES (59, 'Taller 3', '2021-04-17', 2021, 2, 12, 1);
INSERT INTO evaluations (id, description, qualification_date, year, type_id, subject_id, course_id) VALUES (60, 'Taller 4', '2021-04-17', 2021, 2, 12, 1);

INSERT INTO evaluations (id, description, qualification_date, year, type_id, subject_id, course_id) VALUES (61, 'Evaluación 1', '2021-05-08', 2021, 1, 13, 1);
INSERT INTO evaluations (id, description, qualification_date, year, type_id, subject_id, course_id) VALUES (62, 'Evaluación 2', '2021-06-17', 2021, 1, 13, 1);
INSERT INTO evaluations (id, description, qualification_date, year, type_id, subject_id, course_id) VALUES (63, 'Taller 1', '2021-11-29', 2021, 2, 13, 1);
INSERT INTO evaluations (id, description, qualification_date, year, type_id, subject_id, course_id) VALUES (64, 'Taller 2', '2021-04-17', 2021, 2, 13, 1);

INSERT INTO evaluations (id, description, qualification_date, year, type_id, subject_id, course_id) VALUES (65, 'Evaluación 1', '2021-05-08', 2021, 1, 14, 1);
INSERT INTO evaluations (id, description, qualification_date, year, type_id, subject_id, course_id) VALUES (66, 'Evaluación 2', '2021-06-17', 2021, 1, 14, 1);
INSERT INTO evaluations (id, description, qualification_date, year, type_id, subject_id, course_id) VALUES (67, 'Evaluación 3', '2021-06-17', 2021, 1, 14, 1);
INSERT INTO evaluations (id, description, qualification_date, year, type_id, subject_id, course_id) VALUES (68, 'Evaluación 4', '2021-06-17', 2021, 1, 14, 1);
INSERT INTO evaluations (id, description, qualification_date, year, type_id, subject_id, course_id) VALUES (69, 'Taller 1', '2021-11-29', 2021, 2, 14, 1);

INSERT INTO evaluations (id, description, qualification_date, year, type_id, subject_id, course_id) VALUES (70, 'Evaluación 1', '2021-05-08', 2021, 1, 15, 1);
INSERT INTO evaluations (id, description, qualification_date, year, type_id, subject_id, course_id) VALUES (71, 'Evaluación 2', '2021-06-17', 2021, 1, 15, 1);
INSERT INTO evaluations (id, description, qualification_date, year, type_id, subject_id, course_id) VALUES (72, 'Evaluación 3', '2021-06-17', 2021, 1, 15, 1);
INSERT INTO evaluations (id, description, qualification_date, year, type_id, subject_id, course_id) VALUES (73, 'Evaluación 4', '2021-06-17', 2021, 1, 15, 1);
INSERT INTO evaluations (id, description, qualification_date, year, type_id, subject_id, course_id) VALUES (74, 'Evaluación 5', '2021-06-17', 2021, 1, 15, 1);
INSERT INTO evaluations (id, description, qualification_date, year, type_id, subject_id, course_id) VALUES (75, 'Taller 1', '2021-11-29', 2021, 2, 15, 1);
INSERT INTO evaluations (id, description, qualification_date, year, type_id, subject_id, course_id) VALUES (76, 'Taller 2', '2021-04-17', 2021, 2, 15, 1);
INSERT INTO evaluations (id, description, qualification_date, year, type_id, subject_id, course_id) VALUES (77, 'Taller 3', '2021-04-17', 2021, 2, 15, 1);
INSERT INTO evaluations (id, description, qualification_date, year, type_id, subject_id, course_id) VALUES (78, 'Taller 4', '2021-04-17', 2021, 2, 15, 1);

INSERT INTO evaluations (id, description, qualification_date, year, type_id, subject_id, course_id) VALUES (79, 'ajsfkalsdfj', '2021-07-9', 2021, 1, 1, 1);

INSERT INTO assistances (id, date_of_assistance, year, subject_id, course_id) VALUES (1, '2021-05-08', 2021, 1, 1);
INSERT INTO assistances (id, date_of_assistance, year, subject_id, course_id) VALUES (2, '2021-05-13', 2021, 1, 1);
INSERT INTO assistances (id, date_of_assistance, year, subject_id, course_id) VALUES (3, '2021-05-16', 2021, 1, 1);

INSERT INTO assistances (id, date_of_assistance, year, subject_id, course_id) VALUES (4, '2021-05-08', 2021, 2, 1);
INSERT INTO assistances (id, date_of_assistance, year, subject_id, course_id) VALUES (5, '2021-05-13', 2021, 2, 1);
INSERT INTO assistances (id, date_of_assistance, year, subject_id, course_id) VALUES (6, '2021-05-16', 2021, 2, 1);

INSERT INTO assistances (id, date_of_assistance, year, subject_id, course_id) VALUES (7, '2021-05-08', 2021, 3, 1);
INSERT INTO assistances (id, date_of_assistance, year, subject_id, course_id) VALUES (8, '2021-05-13', 2021, 3, 1);
INSERT INTO assistances (id, date_of_assistance, year, subject_id, course_id) VALUES (9, '2021-05-16', 2021, 3, 1);

INSERT INTO assistances (id, date_of_assistance, year, subject_id, course_id) VALUES (10, '2021-05-08', 2021, 4, 1);
INSERT INTO assistances (id, date_of_assistance, year, subject_id, course_id) VALUES (11, '2021-05-13', 2021, 4, 1);
INSERT INTO assistances (id, date_of_assistance, year, subject_id, course_id) VALUES (12, '2021-05-16', 2021, 4, 1);

INSERT INTO assistances (id, date_of_assistance, year, subject_id, course_id) VALUES (13, '2021-05-08', 2021, 5, 1);
INSERT INTO assistances (id, date_of_assistance, year, subject_id, course_id) VALUES (14, '2021-05-13', 2021, 5, 1);
INSERT INTO assistances (id, date_of_assistance, year, subject_id, course_id) VALUES (15, '2021-05-16', 2021, 5, 1);

INSERT INTO assistances (id, date_of_assistance, year, subject_id, course_id) VALUES (16, '2021-05-08', 2021, 6, 1);
INSERT INTO assistances (id, date_of_assistance, year, subject_id, course_id) VALUES (17, '2021-05-13', 2021, 6, 1);
INSERT INTO assistances (id, date_of_assistance, year, subject_id, course_id) VALUES (18, '2021-05-16', 2021, 6, 1);

INSERT INTO assistances (id, date_of_assistance, year, subject_id, course_id) VALUES (19, '2021-05-08', 2021, 7, 1);
INSERT INTO assistances (id, date_of_assistance, year, subject_id, course_id) VALUES (20, '2021-05-13', 2021, 7, 1);
INSERT INTO assistances (id, date_of_assistance, year, subject_id, course_id) VALUES (21, '2021-05-16', 2021, 7, 1);

INSERT INTO assistances (id, date_of_assistance, year, subject_id, course_id) VALUES (22, '2021-05-08', 2021, 8, 1);
INSERT INTO assistances (id, date_of_assistance, year, subject_id, course_id) VALUES (23, '2021-05-13', 2021, 8, 1);
INSERT INTO assistances (id, date_of_assistance, year, subject_id, course_id) VALUES (24, '2021-05-16', 2021, 8, 1);

INSERT INTO assistances (id, date_of_assistance, year, subject_id, course_id) VALUES (25, '2021-05-08', 2021, 9, 1);
INSERT INTO assistances (id, date_of_assistance, year, subject_id, course_id) VALUES (26, '2021-05-13', 2021, 9, 1);
INSERT INTO assistances (id, date_of_assistance, year, subject_id, course_id) VALUES (27, '2021-05-16', 2021, 9, 1);
INSERT INTO assistances (id, date_of_assistance, year, subject_id, course_id) VALUES (28, '2021-05-25', 2021, 9, 1);
INSERT INTO assistances (id, date_of_assistance, year, subject_id, course_id) VALUES (29, '2021-06-01', 2021, 9, 1);

INSERT INTO assistances (id, date_of_assistance, year, subject_id, course_id) VALUES (30, '2021-05-08', 2021, 10, 1);
INSERT INTO assistances (id, date_of_assistance, year, subject_id, course_id) VALUES (31, '2021-05-13', 2021, 10, 1);
INSERT INTO assistances (id, date_of_assistance, year, subject_id, course_id) VALUES (32, '2021-05-16', 2021, 10, 1);

INSERT INTO assistances (id, date_of_assistance, year, subject_id, course_id) VALUES (33, '2021-05-08', 2021, 11, 1);
INSERT INTO assistances (id, date_of_assistance, year, subject_id, course_id) VALUES (34, '2021-05-13', 2021, 11, 1);
INSERT INTO assistances (id, date_of_assistance, year, subject_id, course_id) VALUES (35, '2021-05-16', 2021, 11, 1);

INSERT INTO assistances (id, date_of_assistance, year, subject_id, course_id) VALUES (36, '2021-05-08', 2021, 12, 1);
INSERT INTO assistances (id, date_of_assistance, year, subject_id, course_id) VALUES (37, '2021-05-13', 2021, 12, 1);
INSERT INTO assistances (id, date_of_assistance, year, subject_id, course_id) VALUES (38, '2021-05-16', 2021, 12, 1);
INSERT INTO assistances (id, date_of_assistance, year, subject_id, course_id) VALUES (39, '2021-05-29', 2021, 12, 1);
INSERT INTO assistances (id, date_of_assistance, year, subject_id, course_id) VALUES (40, '2021-06-05', 2021, 12, 1);
INSERT INTO assistances (id, date_of_assistance, year, subject_id, course_id) VALUES (41, '2021-06-15', 2021, 12, 1);

INSERT INTO assistances (id, date_of_assistance, year, subject_id, course_id) VALUES (42, '2021-05-08', 2021, 13, 1);
INSERT INTO assistances (id, date_of_assistance, year, subject_id, course_id) VALUES (43, '2021-05-13', 2021, 13, 1);
INSERT INTO assistances (id, date_of_assistance, year, subject_id, course_id) VALUES (44, '2021-05-16', 2021, 13, 1);

INSERT INTO assistances (id, date_of_assistance, year, subject_id, course_id) VALUES (45, '2021-05-08', 2021, 14, 1);
INSERT INTO assistances (id, date_of_assistance, year, subject_id, course_id) VALUES (46, '2021-05-13', 2021, 14, 1);
INSERT INTO assistances (id, date_of_assistance, year, subject_id, course_id) VALUES (47, '2021-05-16', 2021, 14, 1);
INSERT INTO assistances (id, date_of_assistance, year, subject_id, course_id) VALUES (48, '2021-05-19', 2021, 14, 1);

INSERT INTO assistances (id, date_of_assistance, year, subject_id, course_id) VALUES (49, '2021-05-08', 2021, 15, 1);
INSERT INTO assistances (id, date_of_assistance, year, subject_id, course_id) VALUES (50, '2021-05-13', 2021, 15, 1);
INSERT INTO assistances (id, date_of_assistance, year, subject_id, course_id) VALUES (51, '2021-05-16', 2021, 15, 1);
INSERT INTO assistances (id, date_of_assistance, year, subject_id, course_id) VALUES (52, '2021-05-26', 2021, 15, 1);
INSERT INTO assistances (id, date_of_assistance, year, subject_id, course_id) VALUES (53, '2021-06-03', 2021, 15, 1);
INSERT INTO assistances (id, date_of_assistance, year, subject_id, course_id) VALUES (54, '2021-06-16', 2021, 15, 1);
INSERT INTO assistances (id, date_of_assistance, year, subject_id, course_id) VALUES (55, '2021-06-18', 2021, 15, 1);

INSERT INTO homework_states (id, name) VALUES (1, 'Entregada');
INSERT INTO homework_states (id, name) VALUES (2, 'No entregada');
INSERT INTO homework_states (id, name) VALUES (3, 'Pendiente');

INSERT INTO homeworks (id, instruction, deadline, year, subject_id, course_id) VALUES (1, 'Hacer actividad 1 de la primera guerra mundial', '2021-11-23', 2021, 1, 1);
INSERT INTO homeworks (id, instruction, deadline, year, subject_id, course_id) VALUES (2, 'Recortes de la guerra fria', '2021-11-25', 2021, 1, 1);
INSERT INTO homeworks (id, instruction, deadline, year, subject_id, course_id) VALUES (3, 'La caída del muro de Berlín', '2021-11-29', 2021, 1, 1);

INSERT INTO homeworks (id, instruction, deadline, year, subject_id, course_id) VALUES (4, 'Introducción a las funciones', '2021-05-08', 2021, 2, 1);
INSERT INTO homeworks (id, instruction, deadline, year, subject_id, course_id) VALUES (5, 'Logaritmos', '2021-05-16', 2021, 2, 1);
INSERT INTO homeworks (id, instruction, deadline, year, subject_id, course_id) VALUES (6, 'Trigonometría', '2021-05-20', 2021, 2, 1);

INSERT INTO homeworks (id, instruction, deadline, year, subject_id, course_id) VALUES (7, 'La teoría de la evolución', '2021-05-08', 2021, 3, 1);
INSERT INTO homeworks (id, instruction, deadline, year, subject_id, course_id) VALUES (8, 'Anatomía Básica', '2021-05-09', 2021, 3, 1);
INSERT INTO homeworks (id, instruction, deadline, year, subject_id, course_id) VALUES (9, 'Periodo Cretácico', '2021-05-14', 2021, 3, 1);

INSERT INTO homeworks (id, instruction, deadline, year, subject_id, course_id) VALUES (10, 'La vía lactea', '2021-07-05', 2021, 4, 1);
INSERT INTO homeworks (id, instruction, deadline, year, subject_id, course_id) VALUES (11, 'Fotosíntesis', '2021-07-28', 2021, 4, 1);
INSERT INTO homeworks (id, instruction, deadline, year, subject_id, course_id) VALUES (12, 'Tarea del poroto', '2021-07-03', 2021, 4, 1);

INSERT INTO homeworks (id, instruction, deadline, year, subject_id, course_id) VALUES (13, 'Las leyes de Newton', '2021-05-03', 2021, 5, 1);
INSERT INTO homeworks (id, instruction, deadline, year, subject_id, course_id) VALUES (14, 'Vectores y Escalares', '2021-05-12', 2021, 5, 1);
INSERT INTO homeworks (id, instruction, deadline, year, subject_id, course_id) VALUES (15, 'Lentes concavos y convexos', '2021-05-21', 2021, 5, 1);

INSERT INTO homeworks (id, instruction, deadline, year, subject_id, course_id) VALUES (16, 'Socrates', '2021-05-08', 2021, 6, 1);
INSERT INTO homeworks (id, instruction, deadline, year, subject_id, course_id) VALUES (17, 'Descartes', '2021-05-13', 2021, 6, 1);
INSERT INTO homeworks (id, instruction, deadline, year, subject_id, course_id) VALUES (18, 'Pitágoras', '2021-05-20', 2021, 6, 1);

INSERT INTO homeworks (id, instruction, deadline, year, subject_id, course_id) VALUES (19, 'Química Inorgánica', '2021-05-19', 2021, 7, 1);
INSERT INTO homeworks (id, instruction, deadline, year, subject_id, course_id) VALUES (20, 'Química Orgánica', '2021-05-29', 2021, 7, 1);
INSERT INTO homeworks (id, instruction, deadline, year, subject_id, course_id) VALUES (21, 'Tabla Periódica', '2021-05-30', 2021, 7, 1);

INSERT INTO homeworks (id, instruction, deadline, year, subject_id, course_id) VALUES (22, 'Basquetball', '2020-08-19', 2021, 8, 1);
INSERT INTO homeworks (id, instruction, deadline, year, subject_id, course_id) VALUES (23, 'Football', '2020-08-28', 2021, 8, 1);
INSERT INTO homeworks (id, instruction, deadline, year, subject_id, course_id) VALUES (24, 'Tenis', '2020-09-15', 2021, 8, 1);

INSERT INTO homeworks (id, instruction, deadline, year, subject_id, course_id) VALUES (25, 'Biografía de Van Gogh', '2021-05-08', 2021, 9, 1);
INSERT INTO homeworks (id, instruction, deadline, year, subject_id, course_id) VALUES (26, 'Arte Barroco', '2021-05-22', 2021, 9, 1);
INSERT INTO homeworks (id, instruction, deadline, year, subject_id, course_id) VALUES (27, 'Arte Modernista', '2021-08-21', 2021, 9, 1);

INSERT INTO homeworks (id, instruction, deadline, year, subject_id, course_id) VALUES (28, 'Rock Nacional', '2021-05-08', 2021, 10, 1);
INSERT INTO homeworks (id, instruction, deadline, year, subject_id, course_id) VALUES (29, 'Orígenes del Rap', '2021-05-10', 2021, 10, 1);
INSERT INTO homeworks (id, instruction, deadline, year, subject_id, course_id) VALUES (30, 'Escalas Pentatónicas', '2021-05-20', 2021, 10, 1);

INSERT INTO homeworks (id, instruction, deadline, year, subject_id, course_id) VALUES (31, 'Dominar la pelota', '2021-05-08', 2021, 11, 1);
INSERT INTO homeworks (id, instruction, deadline, year, subject_id, course_id) VALUES (32, 'Hacer rutina semanal', '2021-05-13', 2021, 11, 1);
INSERT INTO homeworks (id, instruction, deadline, year, subject_id, course_id) VALUES (33, 'Ver videos del Barcelona', '2021-05-28', 2021, 11, 1);

INSERT INTO homeworks (id, instruction, deadline, year, subject_id, course_id) VALUES (34, 'Gambito de Dama', '2021-12-01', 2021, 12, 1);
INSERT INTO homeworks (id, instruction, deadline, year, subject_id, course_id) VALUES (35, 'Apertura Italiana', '2021-12-10', 2021, 12, 1);
INSERT INTO homeworks (id, instruction, deadline, year, subject_id, course_id) VALUES (36, 'Remates', '2021-12-20', 2021, 12, 1);

INSERT INTO homeworks (id, instruction, deadline, year, subject_id, course_id) VALUES (37, 'Inicio de la religión protestante', '2021-05-01', 2021, 13, 1);
INSERT INTO homeworks (id, instruction, deadline, year, subject_id, course_id) VALUES (38, 'Separación de la iglesia católica', '2021-05-08', 2021, 13, 1);
INSERT INTO homeworks (id, instruction, deadline, year, subject_id, course_id) VALUES (39, 'Biografía del Papa', '2021-05-19', 2021,  13, 1);

INSERT INTO homeworks (id, instruction, deadline, year, subject_id, course_id) VALUES (40, 'Diptongo', '2021-05-08', 2021, 14, 1);
INSERT INTO homeworks (id, instruction, deadline, year, subject_id, course_id) VALUES (41, '10 Sinónimos y Antónimos', '2021-05-14', 2021,  14, 1);
INSERT INTO homeworks (id, instruction, deadline, year, subject_id, course_id) VALUES (42, 'Lectura de Harry Potter and The Chamber Of Secrets', '2021-05-18', 2021, 14, 1);

INSERT INTO homeworks (id, instruction, deadline, year, subject_id, course_id) VALUES (43, '10 Prasal Verbs', '2021-10-08', 2021, 15, 1);
INSERT INTO homeworks (id, instruction, deadline, year, subject_id, course_id) VALUES (44, 'Past Perfect', '2021-11-12', 2021, 15, 1);
INSERT INTO homeworks (id, instruction, deadline, year, subject_id, course_id) VALUES (45, 'Personal Presentation', '2021-12-17', 2021, 15, 1);

INSERT INTO courses_schools (course_id, school_id) VALUES (1, 1);
INSERT INTO courses_schools (course_id, school_id) VALUES (2, 1);
INSERT INTO courses_schools (course_id, school_id) VALUES (3, 1);
INSERT INTO courses_schools (course_id, school_id) VALUES (4, 1);
INSERT INTO courses_schools (course_id, school_id) VALUES (5, 1);
INSERT INTO courses_schools (course_id, school_id) VALUES (6, 1);
INSERT INTO courses_schools (course_id, school_id) VALUES (7, 1);
INSERT INTO courses_schools (course_id, school_id) VALUES (8, 1);
INSERT INTO courses_schools (course_id, school_id) VALUES (9, 1);
INSERT INTO courses_schools (course_id, school_id) VALUES (10, 1);
INSERT INTO courses_schools (course_id, school_id) VALUES (11, 1);
INSERT INTO courses_schools (course_id, school_id) VALUES (12, 1);

INSERT INTO courses_subjects_teachers (id, course_id, subject_id, teacher_id, year) VALUES (1, 1, 1, 3, 2020);
INSERT INTO courses_subjects_teachers (id, course_id, subject_id, teacher_id, year) VALUES (2, 1, 1, 14, 2021);
INSERT INTO courses_subjects_teachers (id, course_id, subject_id, teacher_id, year) VALUES (3, 1, 2, 1, 2021);
INSERT INTO courses_subjects_teachers (id, course_id, subject_id, teacher_id, year) VALUES (4, 1, 3, 7, 2021);
INSERT INTO courses_subjects_teachers (id, course_id, subject_id, teacher_id, year) VALUES (5, 1, 4, 2, 2021);
INSERT INTO courses_subjects_teachers (id, course_id, subject_id, teacher_id, year) VALUES (6, 1, 5, 5, 2021);
INSERT INTO courses_subjects_teachers (id, course_id, subject_id, teacher_id, year) VALUES (7, 1, 6, 10, 2021);
INSERT INTO courses_subjects_teachers (id, course_id, subject_id, teacher_id, year) VALUES (8, 1, 7, 11, 2021);
INSERT INTO courses_subjects_teachers (id, course_id, subject_id, teacher_id, year) VALUES (9, 1, 8, 9, 2021);
INSERT INTO courses_subjects_teachers (id, course_id, subject_id, teacher_id, year) VALUES (10, 1, 9, 9, 2021);
INSERT INTO courses_subjects_teachers (id, course_id, subject_id, teacher_id, year) VALUES (11, 1, 10, 4, 2021);
INSERT INTO courses_subjects_teachers (id, course_id, subject_id, teacher_id, year) VALUES (12, 1, 11, 5, 2021);
INSERT INTO courses_subjects_teachers (id, course_id, subject_id, teacher_id, year) VALUES (13, 1, 12, 6, 2021);
INSERT INTO courses_subjects_teachers (id, course_id, subject_id, teacher_id, year) VALUES (14, 1, 13, 12, 2021);
INSERT INTO courses_subjects_teachers (id, course_id, subject_id, teacher_id, year) VALUES (15, 1, 14, 8, 2021);
INSERT INTO courses_subjects_teachers (id, course_id, subject_id, teacher_id, year) VALUES (16, 1, 15, 13, 2021);

INSERT INTO courses_subjects_teachers (id, course_id, subject_id, teacher_id, year) VALUES (17, 2, 1, 3, 2020);
INSERT INTO courses_subjects_teachers (id, course_id, subject_id, teacher_id, year) VALUES (18, 2, 1, 14, 2021);
INSERT INTO courses_subjects_teachers (id, course_id, subject_id, teacher_id, year) VALUES (19, 2, 2, 1, 2021);
INSERT INTO courses_subjects_teachers (id, course_id, subject_id, teacher_id, year) VALUES (20, 2, 3, 7, 2021);
INSERT INTO courses_subjects_teachers (id, course_id, subject_id, teacher_id, year) VALUES (21, 2, 4, 2, 2021);
INSERT INTO courses_subjects_teachers (id, course_id, subject_id, teacher_id, year) VALUES (22, 2, 5, 5, 2021);
INSERT INTO courses_subjects_teachers (id, course_id, subject_id, teacher_id, year) VALUES (23, 2, 6, 10, 2021);
INSERT INTO courses_subjects_teachers (id, course_id, subject_id, teacher_id, year) VALUES (24, 2, 7, 11, 2021);
INSERT INTO courses_subjects_teachers (id, course_id, subject_id, teacher_id, year) VALUES (25, 2, 8, 9, 2021);
INSERT INTO courses_subjects_teachers (id, course_id, subject_id, teacher_id, year) VALUES (26, 2, 9, 9, 2021);
INSERT INTO courses_subjects_teachers (id, course_id, subject_id, teacher_id, year) VALUES (27, 2, 10, 4, 2021);
INSERT INTO courses_subjects_teachers (id, course_id, subject_id, teacher_id, year) VALUES (28, 2, 11, 5, 2021);
INSERT INTO courses_subjects_teachers (id, course_id, subject_id, teacher_id, year) VALUES (29, 2, 12, 6, 2021);
INSERT INTO courses_subjects_teachers (id, course_id, subject_id, teacher_id, year) VALUES (30, 2, 13, 12, 2021);
INSERT INTO courses_subjects_teachers (id, course_id, subject_id, teacher_id, year) VALUES (31, 2, 14, 8, 2021);
INSERT INTO courses_subjects_teachers (id, course_id, subject_id, teacher_id, year) VALUES (32, 2, 14, 13, 2021);

INSERT INTO courses_subjects_teachers (id, course_id, subject_id, teacher_id, year) VALUES (33, 3, 1, 3, 2020);
INSERT INTO courses_subjects_teachers (id, course_id, subject_id, teacher_id, year) VALUES (34, 3, 1, 14, 2021);
INSERT INTO courses_subjects_teachers (id, course_id, subject_id, teacher_id, year) VALUES (35, 3, 2, 1, 2021);
INSERT INTO courses_subjects_teachers (id, course_id, subject_id, teacher_id, year) VALUES (36, 3, 3, 7, 2021);
INSERT INTO courses_subjects_teachers (id, course_id, subject_id, teacher_id, year) VALUES (37, 3, 4, 2, 2021);
INSERT INTO courses_subjects_teachers (id, course_id, subject_id, teacher_id, year) VALUES (38, 3, 5, 5, 2021);
INSERT INTO courses_subjects_teachers (id, course_id, subject_id, teacher_id, year) VALUES (39, 3, 6, 10, 2021);
INSERT INTO courses_subjects_teachers (id, course_id, subject_id, teacher_id, year) VALUES (40, 3, 7, 11, 2021);
INSERT INTO courses_subjects_teachers (id, course_id, subject_id, teacher_id, year) VALUES (41, 3, 8, 9, 2021);
INSERT INTO courses_subjects_teachers (id, course_id, subject_id, teacher_id, year) VALUES (42, 3, 9, 9, 2021);
INSERT INTO courses_subjects_teachers (id, course_id, subject_id, teacher_id, year) VALUES (43, 3, 10, 4, 2021);
INSERT INTO courses_subjects_teachers (id, course_id, subject_id, teacher_id, year) VALUES (44, 3, 11, 5, 2021);
INSERT INTO courses_subjects_teachers (id, course_id, subject_id, teacher_id, year) VALUES (45, 3, 12, 6, 2021);
INSERT INTO courses_subjects_teachers (id, course_id, subject_id, teacher_id, year) VALUES (46, 3, 13, 12, 2021);
INSERT INTO courses_subjects_teachers (id, course_id, subject_id, teacher_id, year) VALUES (47, 3, 14, 8, 2021);
INSERT INTO courses_subjects_teachers (id, course_id, subject_id, teacher_id, year) VALUES (48, 3, 14, 13, 2021);

INSERT INTO courses_subjects_teachers (id, course_id, subject_id, teacher_id, year) VALUES (49, 4, 1, 3, 2020);
INSERT INTO courses_subjects_teachers (id, course_id, subject_id, teacher_id, year) VALUES (50, 4, 1, 14, 2021);
INSERT INTO courses_subjects_teachers (id, course_id, subject_id, teacher_id, year) VALUES (51, 4, 2, 1, 2021);
INSERT INTO courses_subjects_teachers (id, course_id, subject_id, teacher_id, year) VALUES (52, 4, 3, 7, 2021);
INSERT INTO courses_subjects_teachers (id, course_id, subject_id, teacher_id, year) VALUES (53, 4, 4, 2, 2021);
INSERT INTO courses_subjects_teachers (id, course_id, subject_id, teacher_id, year) VALUES (54, 4, 5, 5, 2021);
INSERT INTO courses_subjects_teachers (id, course_id, subject_id, teacher_id, year) VALUES (55, 4, 6, 10, 2021);
INSERT INTO courses_subjects_teachers (id, course_id, subject_id, teacher_id, year) VALUES (56, 4, 7, 11, 2021);
INSERT INTO courses_subjects_teachers (id, course_id, subject_id, teacher_id, year) VALUES (57, 4, 8, 9, 2021);
INSERT INTO courses_subjects_teachers (id, course_id, subject_id, teacher_id, year) VALUES (58, 4, 9, 9, 2021);
INSERT INTO courses_subjects_teachers (id, course_id, subject_id, teacher_id, year) VALUES (59, 4, 10, 4, 2021);
INSERT INTO courses_subjects_teachers (id, course_id, subject_id, teacher_id, year) VALUES (60, 4, 11, 5, 2021);
INSERT INTO courses_subjects_teachers (id, course_id, subject_id, teacher_id, year) VALUES (61, 4, 12, 6, 2021);
INSERT INTO courses_subjects_teachers (id, course_id, subject_id, teacher_id, year) VALUES (62, 4, 13, 12, 2021);
INSERT INTO courses_subjects_teachers (id, course_id, subject_id, teacher_id, year) VALUES (63, 4, 14, 8, 2021);
INSERT INTO courses_subjects_teachers (id, course_id, subject_id, teacher_id, year) VALUES (64, 4, 14, 13, 2021);

INSERT INTO courses_subjects_teachers (id, course_id, subject_id, teacher_id, year) VALUES (65, 5, 1, 3, 2020);
INSERT INTO courses_subjects_teachers (id, course_id, subject_id, teacher_id, year) VALUES (66, 5, 1, 14, 2021);
INSERT INTO courses_subjects_teachers (id, course_id, subject_id, teacher_id, year) VALUES (67, 5, 2, 1, 2021);
INSERT INTO courses_subjects_teachers (id, course_id, subject_id, teacher_id, year) VALUES (68, 5, 3, 7, 2021);
INSERT INTO courses_subjects_teachers (id, course_id, subject_id, teacher_id, year) VALUES (69, 5, 4, 2, 2021);
INSERT INTO courses_subjects_teachers (id, course_id, subject_id, teacher_id, year) VALUES (70, 5, 5, 5, 2021);
INSERT INTO courses_subjects_teachers (id, course_id, subject_id, teacher_id, year) VALUES (71, 5, 6, 10, 2021);
INSERT INTO courses_subjects_teachers (id, course_id, subject_id, teacher_id, year) VALUES (72, 5, 7, 11, 2021);
INSERT INTO courses_subjects_teachers (id, course_id, subject_id, teacher_id, year) VALUES (73, 5, 8, 9, 2021);
INSERT INTO courses_subjects_teachers (id, course_id, subject_id, teacher_id, year) VALUES (74, 5, 9, 9, 2021);
INSERT INTO courses_subjects_teachers (id, course_id, subject_id, teacher_id, year) VALUES (75, 5, 10, 4, 2021);
INSERT INTO courses_subjects_teachers (id, course_id, subject_id, teacher_id, year) VALUES (76, 5, 11, 5, 2021);
INSERT INTO courses_subjects_teachers (id, course_id, subject_id, teacher_id, year) VALUES (77, 5, 12, 6, 2021);
INSERT INTO courses_subjects_teachers (id, course_id, subject_id, teacher_id, year) VALUES (78, 5, 13, 12, 2021);
INSERT INTO courses_subjects_teachers (id, course_id, subject_id, teacher_id, year) VALUES (79, 5, 14, 8, 2021);
INSERT INTO courses_subjects_teachers (id, course_id, subject_id, teacher_id, year) VALUES (80, 5, 14, 13, 2021);

INSERT INTO courses_subjects_teachers (id, course_id, subject_id, teacher_id, year) VALUES (81, 6, 1, 3, 2020);
INSERT INTO courses_subjects_teachers (id, course_id, subject_id, teacher_id, year) VALUES (82, 6, 1, 14, 2021);
INSERT INTO courses_subjects_teachers (id, course_id, subject_id, teacher_id, year) VALUES (83, 6, 2, 1, 2021);
INSERT INTO courses_subjects_teachers (id, course_id, subject_id, teacher_id, year) VALUES (84, 6, 3, 7, 2021);
INSERT INTO courses_subjects_teachers (id, course_id, subject_id, teacher_id, year) VALUES (85, 6, 4, 2, 2021);
INSERT INTO courses_subjects_teachers (id, course_id, subject_id, teacher_id, year) VALUES (86, 6, 5, 5, 2021);
INSERT INTO courses_subjects_teachers (id, course_id, subject_id, teacher_id, year) VALUES (87, 6, 6, 10, 2021);
INSERT INTO courses_subjects_teachers (id, course_id, subject_id, teacher_id, year) VALUES (88, 6, 7, 11, 2021);
INSERT INTO courses_subjects_teachers (id, course_id, subject_id, teacher_id, year) VALUES (89, 6, 8, 9, 2021);
INSERT INTO courses_subjects_teachers (id, course_id, subject_id, teacher_id, year) VALUES (90, 6, 9, 9, 2021);
INSERT INTO courses_subjects_teachers (id, course_id, subject_id, teacher_id, year) VALUES (91, 6, 10, 4, 2021);
INSERT INTO courses_subjects_teachers (id, course_id, subject_id, teacher_id, year) VALUES (92, 6, 11, 5, 2021);
INSERT INTO courses_subjects_teachers (id, course_id, subject_id, teacher_id, year) VALUES (93, 6, 12, 6, 2021);
INSERT INTO courses_subjects_teachers (id, course_id, subject_id, teacher_id, year) VALUES (94, 6, 13, 12, 2021);
INSERT INTO courses_subjects_teachers (id, course_id, subject_id, teacher_id, year) VALUES (95, 6, 14, 8, 2021);
INSERT INTO courses_subjects_teachers (id, course_id, subject_id, teacher_id, year) VALUES (96, 6, 14, 13, 2021);

INSERT INTO courses_subjects_teachers (id, course_id, subject_id, teacher_id, year) VALUES (97, 7, 1, 3, 2020);
INSERT INTO courses_subjects_teachers (id, course_id, subject_id, teacher_id, year) VALUES (98, 7, 1, 14, 2021);
INSERT INTO courses_subjects_teachers (id, course_id, subject_id, teacher_id, year) VALUES (99, 7, 2, 1, 2021);
INSERT INTO courses_subjects_teachers (id, course_id, subject_id, teacher_id, year) VALUES (100, 7, 3, 7, 2021);
INSERT INTO courses_subjects_teachers (id, course_id, subject_id, teacher_id, year) VALUES (101, 7, 4, 2, 2021);
INSERT INTO courses_subjects_teachers (id, course_id, subject_id, teacher_id, year) VALUES (102, 7, 5, 5, 2021);
INSERT INTO courses_subjects_teachers (id, course_id, subject_id, teacher_id, year) VALUES (103, 7, 6, 10, 2021);
INSERT INTO courses_subjects_teachers (id, course_id, subject_id, teacher_id, year) VALUES (104, 7, 7, 11, 2021);
INSERT INTO courses_subjects_teachers (id, course_id, subject_id, teacher_id, year) VALUES (105, 7, 8, 9, 2021);
INSERT INTO courses_subjects_teachers (id, course_id, subject_id, teacher_id, year) VALUES (106, 7, 9, 9, 2021);
INSERT INTO courses_subjects_teachers (id, course_id, subject_id, teacher_id, year) VALUES (107, 7, 10, 4, 2021);
INSERT INTO courses_subjects_teachers (id, course_id, subject_id, teacher_id, year) VALUES (108, 7, 11, 5, 2021);
INSERT INTO courses_subjects_teachers (id, course_id, subject_id, teacher_id, year) VALUES (109, 7, 12, 6, 2021);
INSERT INTO courses_subjects_teachers (id, course_id, subject_id, teacher_id, year) VALUES (110, 7, 13, 12, 2021);
INSERT INTO courses_subjects_teachers (id, course_id, subject_id, teacher_id, year) VALUES (111, 7, 14, 8, 2021);
INSERT INTO courses_subjects_teachers (id, course_id, subject_id, teacher_id, year) VALUES (112, 7, 14, 13, 2021);

INSERT INTO courses_subjects_teachers (id, course_id, subject_id, teacher_id, year) VALUES (113, 8, 1, 3, 2020);
INSERT INTO courses_subjects_teachers (id, course_id, subject_id, teacher_id, year) VALUES (114, 8, 1, 14, 2021);
INSERT INTO courses_subjects_teachers (id, course_id, subject_id, teacher_id, year) VALUES (115, 8, 2, 1, 2021);
INSERT INTO courses_subjects_teachers (id, course_id, subject_id, teacher_id, year) VALUES (116, 8, 3, 7, 2021);
INSERT INTO courses_subjects_teachers (id, course_id, subject_id, teacher_id, year) VALUES (117, 8, 4, 2, 2021);
INSERT INTO courses_subjects_teachers (id, course_id, subject_id, teacher_id, year) VALUES (118, 8, 5, 5, 2021);
INSERT INTO courses_subjects_teachers (id, course_id, subject_id, teacher_id, year) VALUES (119, 8, 6, 10, 2021);
INSERT INTO courses_subjects_teachers (id, course_id, subject_id, teacher_id, year) VALUES (120, 8, 7, 11, 2021);
INSERT INTO courses_subjects_teachers (id, course_id, subject_id, teacher_id, year) VALUES (121, 8, 8, 9, 2021);
INSERT INTO courses_subjects_teachers (id, course_id, subject_id, teacher_id, year) VALUES (122, 8, 9, 9, 2021);
INSERT INTO courses_subjects_teachers (id, course_id, subject_id, teacher_id, year) VALUES (123, 8, 10, 4, 2021);
INSERT INTO courses_subjects_teachers (id, course_id, subject_id, teacher_id, year) VALUES (124, 8, 11, 5, 2021);
INSERT INTO courses_subjects_teachers (id, course_id, subject_id, teacher_id, year) VALUES (125, 8, 12, 6, 2021);
INSERT INTO courses_subjects_teachers (id, course_id, subject_id, teacher_id, year) VALUES (126, 8, 13, 12, 2021);
INSERT INTO courses_subjects_teachers (id, course_id, subject_id, teacher_id, year) VALUES (127, 8, 14, 8, 2021);
INSERT INTO courses_subjects_teachers (id, course_id, subject_id, teacher_id, year) VALUES (128, 8, 14, 13, 2021);

INSERT INTO courses_subjects_teachers (id, course_id, subject_id, teacher_id, year) VALUES (129, 9, 1, 3, 2020);
INSERT INTO courses_subjects_teachers (id, course_id, subject_id, teacher_id, year) VALUES (130, 9, 1, 14, 2021);
INSERT INTO courses_subjects_teachers (id, course_id, subject_id, teacher_id, year) VALUES (131, 9, 2, 1, 2021);
INSERT INTO courses_subjects_teachers (id, course_id, subject_id, teacher_id, year) VALUES (132, 9, 3, 7, 2021);
INSERT INTO courses_subjects_teachers (id, course_id, subject_id, teacher_id, year) VALUES (133, 9, 4, 2, 2021);
INSERT INTO courses_subjects_teachers (id, course_id, subject_id, teacher_id, year) VALUES (134, 9, 5, 5, 2021);
INSERT INTO courses_subjects_teachers (id, course_id, subject_id, teacher_id, year) VALUES (135, 9, 6, 10, 2021);
INSERT INTO courses_subjects_teachers (id, course_id, subject_id, teacher_id, year) VALUES (136, 9, 7, 11, 2021);
INSERT INTO courses_subjects_teachers (id, course_id, subject_id, teacher_id, year) VALUES (137, 9, 8, 9, 2021);
INSERT INTO courses_subjects_teachers (id, course_id, subject_id, teacher_id, year) VALUES (138, 9, 9, 9, 2021);
INSERT INTO courses_subjects_teachers (id, course_id, subject_id, teacher_id, year) VALUES (139, 9, 10, 4, 2021);
INSERT INTO courses_subjects_teachers (id, course_id, subject_id, teacher_id, year) VALUES (140, 9, 11, 5, 2021);
INSERT INTO courses_subjects_teachers (id, course_id, subject_id, teacher_id, year) VALUES (141, 9, 12, 6, 2021);
INSERT INTO courses_subjects_teachers (id, course_id, subject_id, teacher_id, year) VALUES (142, 9, 13, 12, 2021);
INSERT INTO courses_subjects_teachers (id, course_id, subject_id, teacher_id, year) VALUES (143, 9, 14, 8, 2021);
INSERT INTO courses_subjects_teachers (id, course_id, subject_id, teacher_id, year) VALUES (144, 9, 14, 13, 2021);

INSERT INTO courses_subjects_teachers (id, course_id, subject_id, teacher_id, year) VALUES (145, 10, 1, 3, 2020);
INSERT INTO courses_subjects_teachers (id, course_id, subject_id, teacher_id, year) VALUES (146, 10, 1, 14, 2021);
INSERT INTO courses_subjects_teachers (id, course_id, subject_id, teacher_id, year) VALUES (147, 10, 2, 1, 2021);
INSERT INTO courses_subjects_teachers (id, course_id, subject_id, teacher_id, year) VALUES (148, 10, 3, 7, 2021);
INSERT INTO courses_subjects_teachers (id, course_id, subject_id, teacher_id, year) VALUES (149, 10, 4, 2, 2021);
INSERT INTO courses_subjects_teachers (id, course_id, subject_id, teacher_id, year) VALUES (150, 10, 5, 5, 2021);
INSERT INTO courses_subjects_teachers (id, course_id, subject_id, teacher_id, year) VALUES (151, 10, 6, 10, 2021);
INSERT INTO courses_subjects_teachers (id, course_id, subject_id, teacher_id, year) VALUES (152, 10, 7, 11, 2021);
INSERT INTO courses_subjects_teachers (id, course_id, subject_id, teacher_id, year) VALUES (153, 10, 8, 9, 2021);
INSERT INTO courses_subjects_teachers (id, course_id, subject_id, teacher_id, year) VALUES (154, 10, 9, 9, 2021);
INSERT INTO courses_subjects_teachers (id, course_id, subject_id, teacher_id, year) VALUES (155, 10, 10, 4, 2021);
INSERT INTO courses_subjects_teachers (id, course_id, subject_id, teacher_id, year) VALUES (156, 10, 11, 5, 2021);
INSERT INTO courses_subjects_teachers (id, course_id, subject_id, teacher_id, year) VALUES (157, 10, 12, 6, 2021);
INSERT INTO courses_subjects_teachers (id, course_id, subject_id, teacher_id, year) VALUES (158, 10, 13, 12, 2021);
INSERT INTO courses_subjects_teachers (id, course_id, subject_id, teacher_id, year) VALUES (159, 10, 14, 8, 2021);
INSERT INTO courses_subjects_teachers (id, course_id, subject_id, teacher_id, year) VALUES (160, 10, 14, 13, 2021);

INSERT INTO courses_subjects_teachers (id, course_id, subject_id, teacher_id, year) VALUES (161, 11, 1, 3, 2020);
INSERT INTO courses_subjects_teachers (id, course_id, subject_id, teacher_id, year) VALUES (162, 11, 1, 14, 2021);
INSERT INTO courses_subjects_teachers (id, course_id, subject_id, teacher_id, year) VALUES (163, 11, 2, 1, 2021);
INSERT INTO courses_subjects_teachers (id, course_id, subject_id, teacher_id, year) VALUES (164, 11, 3, 7, 2021);
INSERT INTO courses_subjects_teachers (id, course_id, subject_id, teacher_id, year) VALUES (165, 11, 4, 2, 2021);
INSERT INTO courses_subjects_teachers (id, course_id, subject_id, teacher_id, year) VALUES (166, 11, 5, 5, 2021);
INSERT INTO courses_subjects_teachers (id, course_id, subject_id, teacher_id, year) VALUES (167, 11, 6, 10, 2021);
INSERT INTO courses_subjects_teachers (id, course_id, subject_id, teacher_id, year) VALUES (168, 11, 7, 11, 2021);
INSERT INTO courses_subjects_teachers (id, course_id, subject_id, teacher_id, year) VALUES (169, 11, 8, 9, 2021);
INSERT INTO courses_subjects_teachers (id, course_id, subject_id, teacher_id, year) VALUES (170, 11, 9, 9, 2021);
INSERT INTO courses_subjects_teachers (id, course_id, subject_id, teacher_id, year) VALUES (171, 11, 10, 4, 2021);
INSERT INTO courses_subjects_teachers (id, course_id, subject_id, teacher_id, year) VALUES (172, 11, 11, 5, 2021);
INSERT INTO courses_subjects_teachers (id, course_id, subject_id, teacher_id, year) VALUES (173, 11, 12, 6, 2021);
INSERT INTO courses_subjects_teachers (id, course_id, subject_id, teacher_id, year) VALUES (174, 11, 13, 12, 2021);
INSERT INTO courses_subjects_teachers (id, course_id, subject_id, teacher_id, year) VALUES (175, 11, 14, 8, 2021);
INSERT INTO courses_subjects_teachers (id, course_id, subject_id, teacher_id, year) VALUES (176, 11, 14, 13, 2021);

INSERT INTO courses_subjects_teachers (id, course_id, subject_id, teacher_id, year) VALUES (177, 12, 1, 3, 2020);
INSERT INTO courses_subjects_teachers (id, course_id, subject_id, teacher_id, year) VALUES (178, 12, 1, 14, 2021);
INSERT INTO courses_subjects_teachers (id, course_id, subject_id, teacher_id, year) VALUES (179, 12, 2, 1, 2021);
INSERT INTO courses_subjects_teachers (id, course_id, subject_id, teacher_id, year) VALUES (180, 12, 3, 7, 2021);
INSERT INTO courses_subjects_teachers (id, course_id, subject_id, teacher_id, year) VALUES (181, 12, 4, 2, 2021);
INSERT INTO courses_subjects_teachers (id, course_id, subject_id, teacher_id, year) VALUES (182, 12, 5, 5, 2021);
INSERT INTO courses_subjects_teachers (id, course_id, subject_id, teacher_id, year) VALUES (183, 12, 6, 10, 2021);
INSERT INTO courses_subjects_teachers (id, course_id, subject_id, teacher_id, year) VALUES (184, 12, 7, 11, 2021);
INSERT INTO courses_subjects_teachers (id, course_id, subject_id, teacher_id, year) VALUES (185, 12, 8, 9, 2021);
INSERT INTO courses_subjects_teachers (id, course_id, subject_id, teacher_id, year) VALUES (186, 12, 9, 9, 2021);
INSERT INTO courses_subjects_teachers (id, course_id, subject_id, teacher_id, year) VALUES (187, 12, 10, 4, 2021);
INSERT INTO courses_subjects_teachers (id, course_id, subject_id, teacher_id, year) VALUES (188, 12, 11, 5, 2021);
INSERT INTO courses_subjects_teachers (id, course_id, subject_id, teacher_id, year) VALUES (189, 12, 12, 6, 2021);
INSERT INTO courses_subjects_teachers (id, course_id, subject_id, teacher_id, year) VALUES (190, 12, 13, 12, 2021);
INSERT INTO courses_subjects_teachers (id, course_id, subject_id, teacher_id, year) VALUES (191, 12, 14, 8, 2021);
INSERT INTO courses_subjects_teachers (id, course_id, subject_id, teacher_id, year) VALUES (192, 12, 14, 13, 2021);

INSERT INTO students_courses (id, student_id, course_id, year) VALUES (1, 1, 1, 2021);
INSERT INTO students_courses (id, student_id, course_id, year) VALUES (2, 2, 1, 2021);
INSERT INTO students_courses (id, student_id, course_id, year) VALUES (3, 3, 1, 2021);
INSERT INTO students_courses (id, student_id, course_id, year) VALUES (4, 4, 1, 2021);
INSERT INTO students_courses (id, student_id, course_id, year) VALUES (5, 5, 1, 2021);
INSERT INTO students_courses (id, student_id, course_id, year) VALUES (6, 6, 1, 2021);
INSERT INTO students_courses (id, student_id, course_id, year) VALUES (7, 7, 1, 2021);
INSERT INTO students_courses (id, student_id, course_id, year) VALUES (8, 8, 1, 2021);
INSERT INTO students_courses (id, student_id, course_id, year) VALUES (9, 9, 1, 2021);
INSERT INTO students_courses (id, student_id, course_id, year) VALUES (10, 10, 1, 2021);
INSERT INTO students_courses (id, student_id, course_id, year) VALUES (11, 11, 6, 2021);
INSERT INTO students_courses (id, student_id, course_id, year) VALUES (12, 12, 6, 2021);
INSERT INTO students_courses (id, student_id, course_id, year) VALUES (13, 13, 7, 2021);
INSERT INTO students_courses (id, student_id, course_id, year) VALUES (14, 14, 7, 2021);
INSERT INTO students_courses (id, student_id, course_id, year) VALUES (15, 15, 8, 2021);
INSERT INTO students_courses (id, student_id, course_id, year) VALUES (16, 16, 8, 2021);
INSERT INTO students_courses (id, student_id, course_id, year) VALUES (17, 17, 9, 2021);
INSERT INTO students_courses (id, student_id, course_id, year) VALUES (18, 18, 9, 2021);
INSERT INTO students_courses (id, student_id, course_id, year) VALUES (19, 19, 10, 2021);
INSERT INTO students_courses (id, student_id, course_id, year) VALUES (20, 20, 10, 2021);
INSERT INTO students_courses (id, student_id, course_id, year) VALUES (21, 2, 11, 2021);
INSERT INTO students_courses (id, student_id, course_id, year) VALUES (22, 5, 11, 2021);
INSERT INTO students_courses (id, student_id, course_id, year) VALUES (23, 10, 12, 2021);
INSERT INTO students_courses (id, student_id, course_id, year) VALUES (24, 13, 12, 2021);

INSERT INTO students_subjects (id, student_id, subject_id, year) VALUES (25, 1, 1, 2021);
INSERT INTO students_subjects (id, student_id, subject_id, year) VALUES (26, 1, 2, 2021);
INSERT INTO students_subjects (id, student_id, subject_id, year) VALUES (27, 1, 3, 2021);
INSERT INTO students_subjects (id, student_id, subject_id, year) VALUES (28, 1, 4, 2021);
INSERT INTO students_subjects (id, student_id, subject_id, year) VALUES (29, 1, 5, 2021);
INSERT INTO students_subjects (id, student_id, subject_id, year) VALUES (30, 1, 6, 2021);
INSERT INTO students_subjects (id, student_id, subject_id, year) VALUES (31, 1, 7, 2021);
INSERT INTO students_subjects (id, student_id, subject_id, year) VALUES (32, 1, 8, 2021);
INSERT INTO students_subjects (id, student_id, subject_id, year) VALUES (33, 1, 9, 2021);
INSERT INTO students_subjects (id, student_id, subject_id, year) VALUES (34, 1, 10, 2021);
INSERT INTO students_subjects (id, student_id, subject_id, year) VALUES (35, 1, 11, 2021);
INSERT INTO students_subjects (id, student_id, subject_id, year) VALUES (36, 1, 12, 2021);
INSERT INTO students_subjects (id, student_id, subject_id, year) VALUES (37, 1, 13, 2021);
INSERT INTO students_subjects (id, student_id, subject_id, year) VALUES (38, 1, 14, 2021);
INSERT INTO students_subjects (id, student_id, subject_id, year) VALUES (39, 1, 15, 2021);

INSERT INTO students_subjects (id, student_id, subject_id, year) VALUES (40, 2, 1, 2021);
INSERT INTO students_subjects (id, student_id, subject_id, year) VALUES (41, 2, 2, 2021);
INSERT INTO students_subjects (id, student_id, subject_id, year) VALUES (42, 2, 3, 2021);
INSERT INTO students_subjects (id, student_id, subject_id, year) VALUES (43, 2, 4, 2021);
INSERT INTO students_subjects (id, student_id, subject_id, year) VALUES (44, 2, 5, 2021);
INSERT INTO students_subjects (id, student_id, subject_id, year) VALUES (45, 2, 6, 2021);
INSERT INTO students_subjects (id, student_id, subject_id, year) VALUES (46, 2, 7, 2021);
INSERT INTO students_subjects (id, student_id, subject_id, year) VALUES (47, 2, 8, 2021);
INSERT INTO students_subjects (id, student_id, subject_id, year) VALUES (48, 2, 9, 2021);
INSERT INTO students_subjects (id, student_id, subject_id, year) VALUES (49, 2, 10, 2021);
INSERT INTO students_subjects (id, student_id, subject_id, year) VALUES (50, 2, 11, 2021);
INSERT INTO students_subjects (id, student_id, subject_id, year) VALUES (51, 2, 12, 2021);
INSERT INTO students_subjects (id, student_id, subject_id, year) VALUES (52, 2, 13, 2021);
INSERT INTO students_subjects (id, student_id, subject_id, year) VALUES (53, 2, 14, 2021);
INSERT INTO students_subjects (id, student_id, subject_id, year) VALUES (54, 2, 15, 2021);

INSERT INTO students_subjects (id, student_id, subject_id, year) VALUES (55, 3, 1, 2021);
INSERT INTO students_subjects (id, student_id, subject_id, year) VALUES (56, 3, 2, 2021);
INSERT INTO students_subjects (id, student_id, subject_id, year) VALUES (57, 3, 3, 2021);
INSERT INTO students_subjects (id, student_id, subject_id, year) VALUES (58, 3, 4, 2021);
INSERT INTO students_subjects (id, student_id, subject_id, year) VALUES (59, 3, 5, 2021);
INSERT INTO students_subjects (id, student_id, subject_id, year) VALUES (60, 3, 6, 2021);
INSERT INTO students_subjects (id, student_id, subject_id, year) VALUES (61, 3, 7, 2021);
INSERT INTO students_subjects (id, student_id, subject_id, year) VALUES (62, 3, 8, 2021);
INSERT INTO students_subjects (id, student_id, subject_id, year) VALUES (63, 3, 9, 2021);
INSERT INTO students_subjects (id, student_id, subject_id, year) VALUES (64, 3, 10, 2021);
INSERT INTO students_subjects (id, student_id, subject_id, year) VALUES (65, 3, 11, 2021);
INSERT INTO students_subjects (id, student_id, subject_id, year) VALUES (66, 3, 12, 2021);
INSERT INTO students_subjects (id, student_id, subject_id, year) VALUES (67, 3, 13, 2021);
INSERT INTO students_subjects (id, student_id, subject_id, year) VALUES (68, 3, 14, 2021);
INSERT INTO students_subjects (id, student_id, subject_id, year) VALUES (69, 3, 15, 2021);

INSERT INTO students_subjects (id, student_id, subject_id, year) VALUES (70, 4, 1, 2021);
INSERT INTO students_subjects (id, student_id, subject_id, year) VALUES (71, 4, 2, 2021);
INSERT INTO students_subjects (id, student_id, subject_id, year) VALUES (72, 4, 3, 2021);
INSERT INTO students_subjects (id, student_id, subject_id, year) VALUES (73, 4, 4, 2021);
INSERT INTO students_subjects (id, student_id, subject_id, year) VALUES (74, 4, 5, 2021);
INSERT INTO students_subjects (id, student_id, subject_id, year) VALUES (75, 4, 6, 2021);
INSERT INTO students_subjects (id, student_id, subject_id, year) VALUES (76, 4, 7, 2021);
INSERT INTO students_subjects (id, student_id, subject_id, year) VALUES (77, 4, 8, 2021);
INSERT INTO students_subjects (id, student_id, subject_id, year) VALUES (78, 4, 9, 2021);
INSERT INTO students_subjects (id, student_id, subject_id, year) VALUES (79, 4, 10, 2021);
INSERT INTO students_subjects (id, student_id, subject_id, year) VALUES (80, 4, 11, 2021);
INSERT INTO students_subjects (id, student_id, subject_id, year) VALUES (81, 4, 12, 2021);
INSERT INTO students_subjects (id, student_id, subject_id, year) VALUES (82, 4, 13, 2021);
INSERT INTO students_subjects (id, student_id, subject_id, year) VALUES (83, 4, 14, 2021);
INSERT INTO students_subjects (id, student_id, subject_id, year) VALUES (84, 4, 15, 2021);

INSERT INTO students_subjects (id, student_id, subject_id, year) VALUES (85, 5, 1, 2021);
INSERT INTO students_subjects (id, student_id, subject_id, year) VALUES (86, 5, 2, 2021);
INSERT INTO students_subjects (id, student_id, subject_id, year) VALUES (87, 5, 3, 2021);
INSERT INTO students_subjects (id, student_id, subject_id, year) VALUES (88, 5, 4, 2021);
INSERT INTO students_subjects (id, student_id, subject_id, year) VALUES (89, 5, 5, 2021);
INSERT INTO students_subjects (id, student_id, subject_id, year) VALUES (90, 5, 6, 2021);
INSERT INTO students_subjects (id, student_id, subject_id, year) VALUES (91, 5, 7, 2021);
INSERT INTO students_subjects (id, student_id, subject_id, year) VALUES (92, 5, 8, 2021);
INSERT INTO students_subjects (id, student_id, subject_id, year) VALUES (93, 5, 9, 2021);
INSERT INTO students_subjects (id, student_id, subject_id, year) VALUES (94, 5, 10, 2021);
INSERT INTO students_subjects (id, student_id, subject_id, year) VALUES (95, 5, 11, 2021);
INSERT INTO students_subjects (id, student_id, subject_id, year) VALUES (96, 5, 12, 2021);
INSERT INTO students_subjects (id, student_id, subject_id, year) VALUES (97, 5, 13, 2021);
INSERT INTO students_subjects (id, student_id, subject_id, year) VALUES (98, 5, 14, 2021);
INSERT INTO students_subjects (id, student_id, subject_id, year) VALUES (99, 5, 15, 2021);

INSERT INTO students_subjects (id, student_id, subject_id, year) VALUES (100, 6, 1, 2021);
INSERT INTO students_subjects (id, student_id, subject_id, year) VALUES (101, 6, 2, 2021);
INSERT INTO students_subjects (id, student_id, subject_id, year) VALUES (102, 6, 3, 2021);
INSERT INTO students_subjects (id, student_id, subject_id, year) VALUES (103, 6, 4, 2021);
INSERT INTO students_subjects (id, student_id, subject_id, year) VALUES (104, 6, 5, 2021);
INSERT INTO students_subjects (id, student_id, subject_id, year) VALUES (105, 6, 6, 2021);
INSERT INTO students_subjects (id, student_id, subject_id, year) VALUES (106, 6, 7, 2021);
INSERT INTO students_subjects (id, student_id, subject_id, year) VALUES (107, 6, 8, 2021);
INSERT INTO students_subjects (id, student_id, subject_id, year) VALUES (108, 6, 9, 2021);
INSERT INTO students_subjects (id, student_id, subject_id, year) VALUES (109, 6, 10, 2021);
INSERT INTO students_subjects (id, student_id, subject_id, year) VALUES (110, 6, 11, 2021);
INSERT INTO students_subjects (id, student_id, subject_id, year) VALUES (111, 6, 12, 2021);
INSERT INTO students_subjects (id, student_id, subject_id, year) VALUES (112, 6, 13, 2021);
INSERT INTO students_subjects (id, student_id, subject_id, year) VALUES (113, 6, 14, 2021);
INSERT INTO students_subjects (id, student_id, subject_id, year) VALUES (114, 6, 15, 2021);

INSERT INTO students_subjects (id, student_id, subject_id, year) VALUES (115, 7, 1, 2021);
INSERT INTO students_subjects (id, student_id, subject_id, year) VALUES (116, 7, 2, 2021);
INSERT INTO students_subjects (id, student_id, subject_id, year) VALUES (117, 7, 3, 2021);
INSERT INTO students_subjects (id, student_id, subject_id, year) VALUES (118, 7, 4, 2021);
INSERT INTO students_subjects (id, student_id, subject_id, year) VALUES (119, 7, 5, 2021);
INSERT INTO students_subjects (id, student_id, subject_id, year) VALUES (120, 7, 6, 2021);
INSERT INTO students_subjects (id, student_id, subject_id, year) VALUES (121, 7, 7, 2021);
INSERT INTO students_subjects (id, student_id, subject_id, year) VALUES (122, 7, 8, 2021);
INSERT INTO students_subjects (id, student_id, subject_id, year) VALUES (123, 7, 9, 2021);
INSERT INTO students_subjects (id, student_id, subject_id, year) VALUES (124, 7, 10, 2021);
INSERT INTO students_subjects (id, student_id, subject_id, year) VALUES (125, 7, 11, 2021);
INSERT INTO students_subjects (id, student_id, subject_id, year) VALUES (126, 7, 12, 2021);
INSERT INTO students_subjects (id, student_id, subject_id, year) VALUES (127, 7, 13, 2021);
INSERT INTO students_subjects (id, student_id, subject_id, year) VALUES (128, 7, 14, 2021);
INSERT INTO students_subjects (id, student_id, subject_id, year) VALUES (129, 7, 15, 2021);

INSERT INTO students_subjects (id, student_id, subject_id, year) VALUES (130, 8, 1, 2021);
INSERT INTO students_subjects (id, student_id, subject_id, year) VALUES (131, 8, 2, 2021);
INSERT INTO students_subjects (id, student_id, subject_id, year) VALUES (132, 8, 3, 2021);
INSERT INTO students_subjects (id, student_id, subject_id, year) VALUES (133, 8, 4, 2021);
INSERT INTO students_subjects (id, student_id, subject_id, year) VALUES (134, 8, 5, 2021);
INSERT INTO students_subjects (id, student_id, subject_id, year) VALUES (135, 8, 6, 2021);
INSERT INTO students_subjects (id, student_id, subject_id, year) VALUES (136, 8, 7, 2021);
INSERT INTO students_subjects (id, student_id, subject_id, year) VALUES (137, 8, 8, 2021);
INSERT INTO students_subjects (id, student_id, subject_id, year) VALUES (138, 8, 9, 2021);
INSERT INTO students_subjects (id, student_id, subject_id, year) VALUES (139, 8, 10, 2021);
INSERT INTO students_subjects (id, student_id, subject_id, year) VALUES (140, 8, 11, 2021);
INSERT INTO students_subjects (id, student_id, subject_id, year) VALUES (141, 8, 12, 2021);
INSERT INTO students_subjects (id, student_id, subject_id, year) VALUES (142, 8, 13, 2021);
INSERT INTO students_subjects (id, student_id, subject_id, year) VALUES (143, 8, 14, 2021);
INSERT INTO students_subjects (id, student_id, subject_id, year) VALUES (144, 8, 15, 2021);

INSERT INTO students_subjects (id, student_id, subject_id, year) VALUES (145, 9, 1, 2021);
INSERT INTO students_subjects (id, student_id, subject_id, year) VALUES (146, 9, 2, 2021);
INSERT INTO students_subjects (id, student_id, subject_id, year) VALUES (147, 9, 3, 2021);
INSERT INTO students_subjects (id, student_id, subject_id, year) VALUES (148, 9, 4, 2021);
INSERT INTO students_subjects (id, student_id, subject_id, year) VALUES (149, 9, 5, 2021);
INSERT INTO students_subjects (id, student_id, subject_id, year) VALUES (150, 9, 6, 2021);
INSERT INTO students_subjects (id, student_id, subject_id, year) VALUES (151, 9, 7, 2021);
INSERT INTO students_subjects (id, student_id, subject_id, year) VALUES (152, 9, 8, 2021);
INSERT INTO students_subjects (id, student_id, subject_id, year) VALUES (153, 9, 9, 2021);
INSERT INTO students_subjects (id, student_id, subject_id, year) VALUES (154, 9, 10, 2021);
INSERT INTO students_subjects (id, student_id, subject_id, year) VALUES (155, 9, 11, 2021);
INSERT INTO students_subjects (id, student_id, subject_id, year) VALUES (156, 9, 12, 2021);
INSERT INTO students_subjects (id, student_id, subject_id, year) VALUES (157, 9, 13, 2021);
INSERT INTO students_subjects (id, student_id, subject_id, year) VALUES (158, 9, 14, 2021);
INSERT INTO students_subjects (id, student_id, subject_id, year) VALUES (159, 9, 15, 2021);

INSERT INTO students_subjects (id, student_id, subject_id, year) VALUES (160, 10, 1, 2021);
INSERT INTO students_subjects (id, student_id, subject_id, year) VALUES (161, 10, 2, 2021);
INSERT INTO students_subjects (id, student_id, subject_id, year) VALUES (162, 10, 3, 2021);
INSERT INTO students_subjects (id, student_id, subject_id, year) VALUES (163, 10, 4, 2021);
INSERT INTO students_subjects (id, student_id, subject_id, year) VALUES (164, 10, 5, 2021);
INSERT INTO students_subjects (id, student_id, subject_id, year) VALUES (165, 10, 6, 2021);
INSERT INTO students_subjects (id, student_id, subject_id, year) VALUES (166, 10, 7, 2021);
INSERT INTO students_subjects (id, student_id, subject_id, year) VALUES (167, 10, 8, 2021);
INSERT INTO students_subjects (id, student_id, subject_id, year) VALUES (168, 10, 9, 2021);
INSERT INTO students_subjects (id, student_id, subject_id, year) VALUES (169, 10, 10, 2021);
INSERT INTO students_subjects (id, student_id, subject_id, year) VALUES (170, 10, 11, 2021);
INSERT INTO students_subjects (id, student_id, subject_id, year) VALUES (171, 10, 12, 2021);
INSERT INTO students_subjects (id, student_id, subject_id, year) VALUES (172, 10, 13, 2021);
INSERT INTO students_subjects (id, student_id, subject_id, year) VALUES (173, 10, 14, 2021);
INSERT INTO students_subjects (id, student_id, subject_id, year) VALUES (174, 10, 15, 2021);


INSERT INTO students_evaluations (id, student_id, evaluation_id, grade) VALUES (1, 1, 1, 5.1);
INSERT INTO students_evaluations (id, student_id, evaluation_id, grade) VALUES (2, 1, 2, 6.0);
INSERT INTO students_evaluations (id, student_id, evaluation_id, grade) VALUES (3, 1, 3, 3.0);
INSERT INTO students_evaluations (id, student_id, evaluation_id, grade) VALUES (4, 1, 4, 3.0);
INSERT INTO students_evaluations (id, student_id, evaluation_id, grade) VALUES (5, 1, 5, 3.0);
INSERT INTO students_evaluations (id, student_id, evaluation_id, grade) VALUES (6, 1, 6, 3.0);
INSERT INTO students_evaluations (id, student_id, evaluation_id, grade) VALUES (7, 1, 7, 3.0);
INSERT INTO students_evaluations (id, student_id, evaluation_id, grade) VALUES (8, 1, 8, 3.0);
INSERT INTO students_evaluations (id, student_id, evaluation_id, grade) VALUES (9, 1, 9, 3.0);
INSERT INTO students_evaluations (id, student_id, evaluation_id, grade) VALUES (10, 1, 10, 3.0);
INSERT INTO students_evaluations (id, student_id, evaluation_id, grade) VALUES (11, 1, 11, 5.1);
INSERT INTO students_evaluations (id, student_id, evaluation_id, grade) VALUES (12, 1, 12, 6.0);
INSERT INTO students_evaluations (id, student_id, evaluation_id, grade) VALUES (13, 1, 13, 3.0);
INSERT INTO students_evaluations (id, student_id, evaluation_id, grade) VALUES (14, 1, 14, 3.0);
INSERT INTO students_evaluations (id, student_id, evaluation_id, grade) VALUES (15, 1, 15, 3.0);
INSERT INTO students_evaluations (id, student_id, evaluation_id, grade) VALUES (16, 1, 16, 3.0);
INSERT INTO students_evaluations (id, student_id, evaluation_id, grade) VALUES (17, 1, 17, 3.0);
INSERT INTO students_evaluations (id, student_id, evaluation_id, grade) VALUES (18, 1, 18, 3.0);
INSERT INTO students_evaluations (id, student_id, evaluation_id, grade) VALUES (19, 1, 19, 3.0);
INSERT INTO students_evaluations (id, student_id, evaluation_id, grade) VALUES (20, 1, 20, 3.0);
INSERT INTO students_evaluations (id, student_id, evaluation_id, grade) VALUES (21, 1, 21, 5.1);
INSERT INTO students_evaluations (id, student_id, evaluation_id, grade) VALUES (22, 1, 22, 6.0);
INSERT INTO students_evaluations (id, student_id, evaluation_id, grade) VALUES (23, 1, 23, 3.0);
INSERT INTO students_evaluations (id, student_id, evaluation_id, grade) VALUES (24, 1, 24, 3.0);
INSERT INTO students_evaluations (id, student_id, evaluation_id, grade) VALUES (25, 1, 25, 3.0);
INSERT INTO students_evaluations (id, student_id, evaluation_id, grade) VALUES (26, 1, 26, 3.0);
INSERT INTO students_evaluations (id, student_id, evaluation_id, grade) VALUES (27, 1, 27, 3.0);
INSERT INTO students_evaluations (id, student_id, evaluation_id, grade) VALUES (28, 1, 28, 3.0);
INSERT INTO students_evaluations (id, student_id, evaluation_id, grade) VALUES (29, 1, 29, 3.0);
INSERT INTO students_evaluations (id, student_id, evaluation_id, grade) VALUES (30, 1, 30, 3.0);
INSERT INTO students_evaluations (id, student_id, evaluation_id, grade) VALUES (31, 1, 31, 5.1);
INSERT INTO students_evaluations (id, student_id, evaluation_id, grade) VALUES (32, 1, 32, 6.0);
INSERT INTO students_evaluations (id, student_id, evaluation_id, grade) VALUES (33, 1, 33, 3.0);
INSERT INTO students_evaluations (id, student_id, evaluation_id, grade) VALUES (34, 1, 34, 3.0);
INSERT INTO students_evaluations (id, student_id, evaluation_id, grade) VALUES (35, 1, 35, 3.0);
INSERT INTO students_evaluations (id, student_id, evaluation_id, grade) VALUES (36, 1, 36, 3.0);
INSERT INTO students_evaluations (id, student_id, evaluation_id, grade) VALUES (37, 1, 37, 3.0);
INSERT INTO students_evaluations (id, student_id, evaluation_id, grade) VALUES (38, 1, 38, 3.0);
INSERT INTO students_evaluations (id, student_id, evaluation_id, grade) VALUES (39, 1, 39, 3.0);
INSERT INTO students_evaluations (id, student_id, evaluation_id, grade) VALUES (40, 1, 40, 3.0);
INSERT INTO students_evaluations (id, student_id, evaluation_id, grade) VALUES (41, 1, 41, 5.1);
INSERT INTO students_evaluations (id, student_id, evaluation_id, grade) VALUES (42, 1, 42, 6.0);
INSERT INTO students_evaluations (id, student_id, evaluation_id, grade) VALUES (43, 1, 43, 3.0);
INSERT INTO students_evaluations (id, student_id, evaluation_id, grade) VALUES (44, 1, 44, 3.0);
INSERT INTO students_evaluations (id, student_id, evaluation_id, grade) VALUES (45, 1, 45, 3.0);
INSERT INTO students_evaluations (id, student_id, evaluation_id, grade) VALUES (46, 1, 46, 3.0);
INSERT INTO students_evaluations (id, student_id, evaluation_id, grade) VALUES (47, 1, 47, 3.0);
INSERT INTO students_evaluations (id, student_id, evaluation_id, grade) VALUES (48, 1, 48, 3.0);
INSERT INTO students_evaluations (id, student_id, evaluation_id, grade) VALUES (49, 1, 49, 3.0);
INSERT INTO students_evaluations (id, student_id, evaluation_id, grade) VALUES (50, 1, 50, 3.0);
INSERT INTO students_evaluations (id, student_id, evaluation_id, grade) VALUES (51, 1, 51, 5.1);
INSERT INTO students_evaluations (id, student_id, evaluation_id, grade) VALUES (52, 1, 52, 6.0);
INSERT INTO students_evaluations (id, student_id, evaluation_id, grade) VALUES (53, 1, 53, 3.0);
INSERT INTO students_evaluations (id, student_id, evaluation_id, grade) VALUES (54, 1, 54, 3.0);
INSERT INTO students_evaluations (id, student_id, evaluation_id, grade) VALUES (55, 1, 55, 3.0);
INSERT INTO students_evaluations (id, student_id, evaluation_id, grade) VALUES (56, 1, 56, 3.0);
INSERT INTO students_evaluations (id, student_id, evaluation_id, grade) VALUES (57, 1, 57, 3.0);
INSERT INTO students_evaluations (id, student_id, evaluation_id, grade) VALUES (58, 1, 58, 3.0);
INSERT INTO students_evaluations (id, student_id, evaluation_id, grade) VALUES (59, 1, 59, 3.0);
INSERT INTO students_evaluations (id, student_id, evaluation_id, grade) VALUES (60, 1, 60, 3.0);
INSERT INTO students_evaluations (id, student_id, evaluation_id, grade) VALUES (61, 1, 61, 5.1);
INSERT INTO students_evaluations (id, student_id, evaluation_id, grade) VALUES (62, 1, 62, 6.0);
INSERT INTO students_evaluations (id, student_id, evaluation_id, grade) VALUES (63, 1, 63, 3.0);
INSERT INTO students_evaluations (id, student_id, evaluation_id, grade) VALUES (64, 1, 64, 3.0);
INSERT INTO students_evaluations (id, student_id, evaluation_id, grade) VALUES (65, 1, 65, 3.0);
INSERT INTO students_evaluations (id, student_id, evaluation_id, grade) VALUES (66, 1, 66, 3.0);
INSERT INTO students_evaluations (id, student_id, evaluation_id, grade) VALUES (67, 1, 67, 3.0);
INSERT INTO students_evaluations (id, student_id, evaluation_id, grade) VALUES (68, 1, 68, 3.0);
INSERT INTO students_evaluations (id, student_id, evaluation_id, grade) VALUES (69, 1, 69, 3.0);
INSERT INTO students_evaluations (id, student_id, evaluation_id, grade) VALUES (70, 1, 70, 3.0);
INSERT INTO students_evaluations (id, student_id, evaluation_id, grade) VALUES (71, 1, 71, 3.0);
INSERT INTO students_evaluations (id, student_id, evaluation_id, grade) VALUES (72, 1, 72, 3.0);
INSERT INTO students_evaluations (id, student_id, evaluation_id, grade) VALUES (73, 1, 73, 3.0);

INSERT INTO students_evaluations (id, student_id, evaluation_id, grade) VALUES (74, 2, 1, 5.1);
INSERT INTO students_evaluations (id, student_id, evaluation_id, grade) VALUES (75, 2, 2, 6.0);
INSERT INTO students_evaluations (id, student_id, evaluation_id, grade) VALUES (76, 2, 3, 3.0);
INSERT INTO students_evaluations (id, student_id, evaluation_id, grade) VALUES (77, 2, 4, 3.0);
INSERT INTO students_evaluations (id, student_id, evaluation_id, grade) VALUES (78, 2, 5, 3.0);
INSERT INTO students_evaluations (id, student_id, evaluation_id, grade) VALUES (79, 2, 6, 3.0);
INSERT INTO students_evaluations (id, student_id, evaluation_id, grade) VALUES (80, 2, 7, 3.0);
INSERT INTO students_evaluations (id, student_id, evaluation_id, grade) VALUES (81, 2, 8, 3.0);
INSERT INTO students_evaluations (id, student_id, evaluation_id, grade) VALUES (82, 2, 9, 3.0);
INSERT INTO students_evaluations (id, student_id, evaluation_id, grade) VALUES (83, 2, 10, 3.0);
INSERT INTO students_evaluations (id, student_id, evaluation_id, grade) VALUES (84, 2, 11, 5.1);
INSERT INTO students_evaluations (id, student_id, evaluation_id, grade) VALUES (85, 2, 12, 6.0);
INSERT INTO students_evaluations (id, student_id, evaluation_id, grade) VALUES (86, 2, 13, 3.0);
INSERT INTO students_evaluations (id, student_id, evaluation_id, grade) VALUES (87, 2, 14, 3.0);
INSERT INTO students_evaluations (id, student_id, evaluation_id, grade) VALUES (88, 2, 15, 3.0);
INSERT INTO students_evaluations (id, student_id, evaluation_id, grade) VALUES (89, 2, 16, 3.0);
INSERT INTO students_evaluations (id, student_id, evaluation_id, grade) VALUES (90, 2, 17, 3.0);
INSERT INTO students_evaluations (id, student_id, evaluation_id, grade) VALUES (91, 2, 18, 3.0);
INSERT INTO students_evaluations (id, student_id, evaluation_id, grade) VALUES (92, 2, 19, 3.0);
INSERT INTO students_evaluations (id, student_id, evaluation_id, grade) VALUES (93, 2, 20, 3.0);
INSERT INTO students_evaluations (id, student_id, evaluation_id, grade) VALUES (94, 2, 21, 5.1);
INSERT INTO students_evaluations (id, student_id, evaluation_id, grade) VALUES (95, 2, 22, 6.0);
INSERT INTO students_evaluations (id, student_id, evaluation_id, grade) VALUES (96, 2, 23, 3.0);
INSERT INTO students_evaluations (id, student_id, evaluation_id, grade) VALUES (97, 2, 24, 3.0);
INSERT INTO students_evaluations (id, student_id, evaluation_id, grade) VALUES (98, 2, 25, 3.0);
INSERT INTO students_evaluations (id, student_id, evaluation_id, grade) VALUES (99, 2, 26, 3.0);
INSERT INTO students_evaluations (id, student_id, evaluation_id, grade) VALUES (100, 2, 27, 3.0);
INSERT INTO students_evaluations (id, student_id, evaluation_id, grade) VALUES (101, 2, 28, 3.0);
INSERT INTO students_evaluations (id, student_id, evaluation_id, grade) VALUES (102, 2, 29, 3.0);
INSERT INTO students_evaluations (id, student_id, evaluation_id, grade) VALUES (103, 2, 30, 3.0);
INSERT INTO students_evaluations (id, student_id, evaluation_id, grade) VALUES (104, 2, 31, 5.1);
INSERT INTO students_evaluations (id, student_id, evaluation_id, grade) VALUES (105, 2, 32, 6.0);
INSERT INTO students_evaluations (id, student_id, evaluation_id, grade) VALUES (106, 2, 33, 3.0);
INSERT INTO students_evaluations (id, student_id, evaluation_id, grade) VALUES (107, 2, 34, 3.0);
INSERT INTO students_evaluations (id, student_id, evaluation_id, grade) VALUES (108, 2, 35, 3.0);
INSERT INTO students_evaluations (id, student_id, evaluation_id, grade) VALUES (109, 2, 36, 3.0);
INSERT INTO students_evaluations (id, student_id, evaluation_id, grade) VALUES (110, 2, 37, 3.0);
INSERT INTO students_evaluations (id, student_id, evaluation_id, grade) VALUES (111, 2, 38, 3.0);
INSERT INTO students_evaluations (id, student_id, evaluation_id, grade) VALUES (112, 2, 39, 3.0);
INSERT INTO students_evaluations (id, student_id, evaluation_id, grade) VALUES (113, 2, 40, 3.0);
INSERT INTO students_evaluations (id, student_id, evaluation_id, grade) VALUES (114, 2, 41, 5.1);
INSERT INTO students_evaluations (id, student_id, evaluation_id, grade) VALUES (115, 2, 42, 6.0);
INSERT INTO students_evaluations (id, student_id, evaluation_id, grade) VALUES (116, 2, 43, 3.0);
INSERT INTO students_evaluations (id, student_id, evaluation_id, grade) VALUES (117, 2, 44, 3.0);
INSERT INTO students_evaluations (id, student_id, evaluation_id, grade) VALUES (118, 2, 45, 3.0);
INSERT INTO students_evaluations (id, student_id, evaluation_id, grade) VALUES (119, 2, 46, 3.0);
INSERT INTO students_evaluations (id, student_id, evaluation_id, grade) VALUES (120, 2, 47, 3.0);
INSERT INTO students_evaluations (id, student_id, evaluation_id, grade) VALUES (121, 2, 48, 3.0);
INSERT INTO students_evaluations (id, student_id, evaluation_id, grade) VALUES (122, 2, 49, 3.0);
INSERT INTO students_evaluations (id, student_id, evaluation_id, grade) VALUES (123, 2, 50, 3.0);
INSERT INTO students_evaluations (id, student_id, evaluation_id, grade) VALUES (124, 2, 51, 5.1);
INSERT INTO students_evaluations (id, student_id, evaluation_id, grade) VALUES (125, 2, 52, 6.0);
INSERT INTO students_evaluations (id, student_id, evaluation_id, grade) VALUES (126, 2, 53, 3.0);
INSERT INTO students_evaluations (id, student_id, evaluation_id, grade) VALUES (127, 2, 54, 3.0);
INSERT INTO students_evaluations (id, student_id, evaluation_id, grade) VALUES (128, 2, 55, 3.0);
INSERT INTO students_evaluations (id, student_id, evaluation_id, grade) VALUES (129, 2, 56, 3.0);
INSERT INTO students_evaluations (id, student_id, evaluation_id, grade) VALUES (130, 2, 57, 3.0);
INSERT INTO students_evaluations (id, student_id, evaluation_id, grade) VALUES (131, 2, 58, 3.0);
INSERT INTO students_evaluations (id, student_id, evaluation_id, grade) VALUES (132, 2, 59, 3.0);
INSERT INTO students_evaluations (id, student_id, evaluation_id, grade) VALUES (133, 2, 60, 3.0);
INSERT INTO students_evaluations (id, student_id, evaluation_id, grade) VALUES (134, 2, 61, 5.1);
INSERT INTO students_evaluations (id, student_id, evaluation_id, grade) VALUES (135, 2, 62, 6.0);
INSERT INTO students_evaluations (id, student_id, evaluation_id, grade) VALUES (136, 2, 63, 3.0);
INSERT INTO students_evaluations (id, student_id, evaluation_id, grade) VALUES (137, 2, 64, 3.0);
INSERT INTO students_evaluations (id, student_id, evaluation_id, grade) VALUES (138, 2, 65, 3.0);
INSERT INTO students_evaluations (id, student_id, evaluation_id, grade) VALUES (139, 2, 66, 3.0);
INSERT INTO students_evaluations (id, student_id, evaluation_id, grade) VALUES (140, 2, 67, 3.0);
INSERT INTO students_evaluations (id, student_id, evaluation_id, grade) VALUES (141, 2, 68, 3.0);
INSERT INTO students_evaluations (id, student_id, evaluation_id, grade) VALUES (142, 2, 69, 3.0);
INSERT INTO students_evaluations (id, student_id, evaluation_id, grade) VALUES (143, 2, 70, 3.0);
INSERT INTO students_evaluations (id, student_id, evaluation_id, grade) VALUES (144, 2, 71, 3.0);
INSERT INTO students_evaluations (id, student_id, evaluation_id, grade) VALUES (145, 2, 72, 3.0);
INSERT INTO students_evaluations (id, student_id, evaluation_id, grade) VALUES (146, 2, 73, 3.0);

INSERT INTO students_evaluations (id, student_id, evaluation_id, grade) VALUES (147, 3, 1, 5.1);
INSERT INTO students_evaluations (id, student_id, evaluation_id, grade) VALUES (148, 3, 2, 6.0);
INSERT INTO students_evaluations (id, student_id, evaluation_id, grade) VALUES (149, 3, 3, 3.0);
INSERT INTO students_evaluations (id, student_id, evaluation_id, grade) VALUES (150, 3, 4, 3.0);
INSERT INTO students_evaluations (id, student_id, evaluation_id, grade) VALUES (151, 3, 5, 3.0);
INSERT INTO students_evaluations (id, student_id, evaluation_id, grade) VALUES (152, 3, 6, 3.0);
INSERT INTO students_evaluations (id, student_id, evaluation_id, grade) VALUES (153, 3, 7, 3.0);
INSERT INTO students_evaluations (id, student_id, evaluation_id, grade) VALUES (154, 3, 8, 3.0);
INSERT INTO students_evaluations (id, student_id, evaluation_id, grade) VALUES (155, 3, 9, 3.0);
INSERT INTO students_evaluations (id, student_id, evaluation_id, grade) VALUES (156, 3, 10, 3.0);
INSERT INTO students_evaluations (id, student_id, evaluation_id, grade) VALUES (157, 3, 11, 5.1);
INSERT INTO students_evaluations (id, student_id, evaluation_id, grade) VALUES (158, 3, 12, 6.0);
INSERT INTO students_evaluations (id, student_id, evaluation_id, grade) VALUES (159, 3, 13, 3.0);
INSERT INTO students_evaluations (id, student_id, evaluation_id, grade) VALUES (160, 3, 14, 3.0);
INSERT INTO students_evaluations (id, student_id, evaluation_id, grade) VALUES (161, 3, 15, 3.0);
INSERT INTO students_evaluations (id, student_id, evaluation_id, grade) VALUES (162, 3, 16, 3.0);
INSERT INTO students_evaluations (id, student_id, evaluation_id, grade) VALUES (163, 3, 17, 3.0);
INSERT INTO students_evaluations (id, student_id, evaluation_id, grade) VALUES (164, 3, 18, 3.0);
INSERT INTO students_evaluations (id, student_id, evaluation_id, grade) VALUES (165, 3, 19, 3.0);
INSERT INTO students_evaluations (id, student_id, evaluation_id, grade) VALUES (166, 3, 20, 3.0);
INSERT INTO students_evaluations (id, student_id, evaluation_id, grade) VALUES (167, 3, 21, 5.1);
INSERT INTO students_evaluations (id, student_id, evaluation_id, grade) VALUES (168, 3, 22, 6.0);
INSERT INTO students_evaluations (id, student_id, evaluation_id, grade) VALUES (169, 3, 23, 3.0);
INSERT INTO students_evaluations (id, student_id, evaluation_id, grade) VALUES (170, 3, 24, 3.0);
INSERT INTO students_evaluations (id, student_id, evaluation_id, grade) VALUES (171, 3, 25, 3.0);
INSERT INTO students_evaluations (id, student_id, evaluation_id, grade) VALUES (172, 3, 26, 3.0);
INSERT INTO students_evaluations (id, student_id, evaluation_id, grade) VALUES (173, 3, 27, 3.0);
INSERT INTO students_evaluations (id, student_id, evaluation_id, grade) VALUES (174, 3, 28, 3.0);
INSERT INTO students_evaluations (id, student_id, evaluation_id, grade) VALUES (175, 3, 29, 3.0);
INSERT INTO students_evaluations (id, student_id, evaluation_id, grade) VALUES (176, 3, 30, 3.0);
INSERT INTO students_evaluations (id, student_id, evaluation_id, grade) VALUES (177, 3, 31, 5.1);
INSERT INTO students_evaluations (id, student_id, evaluation_id, grade) VALUES (178, 3, 32, 6.0);
INSERT INTO students_evaluations (id, student_id, evaluation_id, grade) VALUES (179, 3, 33, 3.0);
INSERT INTO students_evaluations (id, student_id, evaluation_id, grade) VALUES (180, 3, 34, 3.0);
INSERT INTO students_evaluations (id, student_id, evaluation_id, grade) VALUES (181, 3, 35, 3.0);
INSERT INTO students_evaluations (id, student_id, evaluation_id, grade) VALUES (182, 3, 36, 3.0);
INSERT INTO students_evaluations (id, student_id, evaluation_id, grade) VALUES (183, 3, 37, 3.0);
INSERT INTO students_evaluations (id, student_id, evaluation_id, grade) VALUES (184, 3, 38, 3.0);
INSERT INTO students_evaluations (id, student_id, evaluation_id, grade) VALUES (185, 3, 39, 3.0);
INSERT INTO students_evaluations (id, student_id, evaluation_id, grade) VALUES (186, 3, 40, 3.0);
INSERT INTO students_evaluations (id, student_id, evaluation_id, grade) VALUES (187, 3, 41, 5.1);
INSERT INTO students_evaluations (id, student_id, evaluation_id, grade) VALUES (188, 3, 42, 6.0);
INSERT INTO students_evaluations (id, student_id, evaluation_id, grade) VALUES (189, 3, 43, 3.0);
INSERT INTO students_evaluations (id, student_id, evaluation_id, grade) VALUES (190, 3, 44, 3.0);
INSERT INTO students_evaluations (id, student_id, evaluation_id, grade) VALUES (191, 3, 45, 3.0);
INSERT INTO students_evaluations (id, student_id, evaluation_id, grade) VALUES (192, 3, 46, 3.0);
INSERT INTO students_evaluations (id, student_id, evaluation_id, grade) VALUES (193, 3, 47, 3.0);
INSERT INTO students_evaluations (id, student_id, evaluation_id, grade) VALUES (194, 3, 48, 3.0);
INSERT INTO students_evaluations (id, student_id, evaluation_id, grade) VALUES (195, 3, 49, 3.0);
INSERT INTO students_evaluations (id, student_id, evaluation_id, grade) VALUES (196, 3, 50, 3.0);
INSERT INTO students_evaluations (id, student_id, evaluation_id, grade) VALUES (197, 3, 51, 5.1);
INSERT INTO students_evaluations (id, student_id, evaluation_id, grade) VALUES (198, 3, 52, 6.0);
INSERT INTO students_evaluations (id, student_id, evaluation_id, grade) VALUES (199, 3, 53, 3.0);
INSERT INTO students_evaluations (id, student_id, evaluation_id, grade) VALUES (200, 3, 54, 3.0);
INSERT INTO students_evaluations (id, student_id, evaluation_id, grade) VALUES (201, 3, 55, 3.0);
INSERT INTO students_evaluations (id, student_id, evaluation_id, grade) VALUES (202, 3, 56, 3.0);
INSERT INTO students_evaluations (id, student_id, evaluation_id, grade) VALUES (203, 3, 57, 3.0);
INSERT INTO students_evaluations (id, student_id, evaluation_id, grade) VALUES (204, 3, 58, 3.0);
INSERT INTO students_evaluations (id, student_id, evaluation_id, grade) VALUES (205, 3, 59, 3.0);
INSERT INTO students_evaluations (id, student_id, evaluation_id, grade) VALUES (206, 3, 60, 3.0);
INSERT INTO students_evaluations (id, student_id, evaluation_id, grade) VALUES (207, 3, 61, 5.1);
INSERT INTO students_evaluations (id, student_id, evaluation_id, grade) VALUES (208, 3, 62, 6.0);
INSERT INTO students_evaluations (id, student_id, evaluation_id, grade) VALUES (209, 3, 63, 3.0);
INSERT INTO students_evaluations (id, student_id, evaluation_id, grade) VALUES (210, 3, 64, 3.0);
INSERT INTO students_evaluations (id, student_id, evaluation_id, grade) VALUES (211, 3, 65, 3.0);
INSERT INTO students_evaluations (id, student_id, evaluation_id, grade) VALUES (212, 3, 66, 3.0);
INSERT INTO students_evaluations (id, student_id, evaluation_id, grade) VALUES (213, 3, 67, 3.0);
INSERT INTO students_evaluations (id, student_id, evaluation_id, grade) VALUES (214, 3, 68, 3.0);
INSERT INTO students_evaluations (id, student_id, evaluation_id, grade) VALUES (215, 3, 69, 3.0);
INSERT INTO students_evaluations (id, student_id, evaluation_id, grade) VALUES (216, 3, 70, 3.0);
INSERT INTO students_evaluations (id, student_id, evaluation_id, grade) VALUES (217, 3, 71, 3.0);
INSERT INTO students_evaluations (id, student_id, evaluation_id, grade) VALUES (218, 3, 72, 3.0);
INSERT INTO students_evaluations (id, student_id, evaluation_id, grade) VALUES (219, 3, 73, 3.0);

INSERT INTO students_evaluations (id, student_id, evaluation_id, grade) VALUES (220, 4, 1, 5.1);
INSERT INTO students_evaluations (id, student_id, evaluation_id, grade) VALUES (221, 4, 2, 6.0);
INSERT INTO students_evaluations (id, student_id, evaluation_id, grade) VALUES (222, 4, 3, 3.0);
INSERT INTO students_evaluations (id, student_id, evaluation_id, grade) VALUES (223, 4, 4, 3.0);
INSERT INTO students_evaluations (id, student_id, evaluation_id, grade) VALUES (224, 4, 5, 3.0);
INSERT INTO students_evaluations (id, student_id, evaluation_id, grade) VALUES (225, 4, 6, 3.0);
INSERT INTO students_evaluations (id, student_id, evaluation_id, grade) VALUES (226, 4, 7, 3.0);
INSERT INTO students_evaluations (id, student_id, evaluation_id, grade) VALUES (227, 4, 8, 3.0);
INSERT INTO students_evaluations (id, student_id, evaluation_id, grade) VALUES (228, 4, 9, 3.0);
INSERT INTO students_evaluations (id, student_id, evaluation_id, grade) VALUES (229, 4, 10, 3.0);

INSERT INTO students_evaluations (id, student_id, evaluation_id, grade) VALUES (230, 4, 11, 5.1);
INSERT INTO students_evaluations (id, student_id, evaluation_id, grade) VALUES (231, 4, 12, 6.0);
INSERT INTO students_evaluations (id, student_id, evaluation_id, grade) VALUES (232, 4, 13, 3.0);
INSERT INTO students_evaluations (id, student_id, evaluation_id, grade) VALUES (233, 4, 14, 3.0);
INSERT INTO students_evaluations (id, student_id, evaluation_id, grade) VALUES (234, 4, 15, 3.0);
INSERT INTO students_evaluations (id, student_id, evaluation_id, grade) VALUES (235, 4, 16, 3.0);
INSERT INTO students_evaluations (id, student_id, evaluation_id, grade) VALUES (236, 4, 17, 3.0);
INSERT INTO students_evaluations (id, student_id, evaluation_id, grade) VALUES (237, 4, 18, 3.0);
INSERT INTO students_evaluations (id, student_id, evaluation_id, grade) VALUES (238, 4, 19, 3.0);
INSERT INTO students_evaluations (id, student_id, evaluation_id, grade) VALUES (239, 4, 20, 3.0);

INSERT INTO students_evaluations (id, student_id, evaluation_id, grade) VALUES (240, 4, 21, 5.1);
INSERT INTO students_evaluations (id, student_id, evaluation_id, grade) VALUES (241, 4, 22, 6.0);
INSERT INTO students_evaluations (id, student_id, evaluation_id, grade) VALUES (242, 4, 23, 3.0);
INSERT INTO students_evaluations (id, student_id, evaluation_id, grade) VALUES (243, 4, 24, 3.0);
INSERT INTO students_evaluations (id, student_id, evaluation_id, grade) VALUES (244, 4, 25, 3.0);
INSERT INTO students_evaluations (id, student_id, evaluation_id, grade) VALUES (245, 4, 26, 3.0);
INSERT INTO students_evaluations (id, student_id, evaluation_id, grade) VALUES (246, 4, 27, 3.0);
INSERT INTO students_evaluations (id, student_id, evaluation_id, grade) VALUES (247, 4, 28, 3.0);
INSERT INTO students_evaluations (id, student_id, evaluation_id, grade) VALUES (248, 4, 29, 3.0);
INSERT INTO students_evaluations (id, student_id, evaluation_id, grade) VALUES (249, 4, 30, 3.0);

INSERT INTO students_evaluations (id, student_id, evaluation_id, grade) VALUES (250, 4, 31, 5.1);
INSERT INTO students_evaluations (id, student_id, evaluation_id, grade) VALUES (251, 4, 32, 6.0);
INSERT INTO students_evaluations (id, student_id, evaluation_id, grade) VALUES (252, 4, 33, 3.0);
INSERT INTO students_evaluations (id, student_id, evaluation_id, grade) VALUES (253, 4, 34, 3.0);
INSERT INTO students_evaluations (id, student_id, evaluation_id, grade) VALUES (254, 4, 35, 3.0);
INSERT INTO students_evaluations (id, student_id, evaluation_id, grade) VALUES (255, 4, 36, 3.0);
INSERT INTO students_evaluations (id, student_id, evaluation_id, grade) VALUES (256, 4, 37, 3.0);
INSERT INTO students_evaluations (id, student_id, evaluation_id, grade) VALUES (257, 4, 38, 3.0);
INSERT INTO students_evaluations (id, student_id, evaluation_id, grade) VALUES (258, 4, 39, 3.0);
INSERT INTO students_evaluations (id, student_id, evaluation_id, grade) VALUES (259, 4, 40, 3.0);

INSERT INTO students_evaluations (id, student_id, evaluation_id, grade) VALUES (260, 4, 41, 5.1);
INSERT INTO students_evaluations (id, student_id, evaluation_id, grade) VALUES (261, 4, 42, 6.0);
INSERT INTO students_evaluations (id, student_id, evaluation_id, grade) VALUES (262, 4, 43, 3.0);
INSERT INTO students_evaluations (id, student_id, evaluation_id, grade) VALUES (263, 4, 44, 3.0);
INSERT INTO students_evaluations (id, student_id, evaluation_id, grade) VALUES (264, 4, 45, 3.0);
INSERT INTO students_evaluations (id, student_id, evaluation_id, grade) VALUES (265, 4, 46, 3.0);
INSERT INTO students_evaluations (id, student_id, evaluation_id, grade) VALUES (266, 4, 47, 3.0);
INSERT INTO students_evaluations (id, student_id, evaluation_id, grade) VALUES (267, 4, 48, 3.0);
INSERT INTO students_evaluations (id, student_id, evaluation_id, grade) VALUES (268, 4, 49, 3.0);
INSERT INTO students_evaluations (id, student_id, evaluation_id, grade) VALUES (269, 4, 50, 3.0);

INSERT INTO students_evaluations (id, student_id, evaluation_id, grade) VALUES (270, 4, 51, 5.1);
INSERT INTO students_evaluations (id, student_id, evaluation_id, grade) VALUES (271, 4, 52, 6.0);
INSERT INTO students_evaluations (id, student_id, evaluation_id, grade) VALUES (272, 4, 53, 3.0);
INSERT INTO students_evaluations (id, student_id, evaluation_id, grade) VALUES (273, 4, 54, 3.0);
INSERT INTO students_evaluations (id, student_id, evaluation_id, grade) VALUES (274, 4, 55, 3.0);
INSERT INTO students_evaluations (id, student_id, evaluation_id, grade) VALUES (275, 4, 56, 3.0);
INSERT INTO students_evaluations (id, student_id, evaluation_id, grade) VALUES (276, 4, 57, 3.0);
INSERT INTO students_evaluations (id, student_id, evaluation_id, grade) VALUES (277, 4, 58, 3.0);
INSERT INTO students_evaluations (id, student_id, evaluation_id, grade) VALUES (278, 4, 59, 3.0);
INSERT INTO students_evaluations (id, student_id, evaluation_id, grade) VALUES (279, 4, 60, 3.0);

INSERT INTO students_evaluations (id, student_id, evaluation_id, grade) VALUES (280, 4, 61, 5.1);
INSERT INTO students_evaluations (id, student_id, evaluation_id, grade) VALUES (281, 4, 62, 6.0);
INSERT INTO students_evaluations (id, student_id, evaluation_id, grade) VALUES (282, 4, 63, 3.0);
INSERT INTO students_evaluations (id, student_id, evaluation_id, grade) VALUES (283, 4, 64, 3.0);
INSERT INTO students_evaluations (id, student_id, evaluation_id, grade) VALUES (284, 4, 65, 3.0);
INSERT INTO students_evaluations (id, student_id, evaluation_id, grade) VALUES (285, 4, 66, 3.0);
INSERT INTO students_evaluations (id, student_id, evaluation_id, grade) VALUES (286, 4, 67, 3.0);
INSERT INTO students_evaluations (id, student_id, evaluation_id, grade) VALUES (287, 4, 68, 3.0);
INSERT INTO students_evaluations (id, student_id, evaluation_id, grade) VALUES (288, 4, 69, 3.0);
INSERT INTO students_evaluations (id, student_id, evaluation_id, grade) VALUES (289, 4, 70, 3.0);

INSERT INTO students_evaluations (id, student_id, evaluation_id, grade) VALUES (290, 4, 71, 3.0);
INSERT INTO students_evaluations (id, student_id, evaluation_id, grade) VALUES (291, 4, 72, 3.0);
INSERT INTO students_evaluations (id, student_id, evaluation_id, grade) VALUES (292, 4, 73, 3.0);
INSERT INTO students_evaluations (id, student_id, evaluation_id, grade) VALUES (293, 5, 1, 5.1);
INSERT INTO students_evaluations (id, student_id, evaluation_id, grade) VALUES (294, 5, 2, 6.0);
INSERT INTO students_evaluations (id, student_id, evaluation_id, grade) VALUES (295, 5, 3, 3.0);
INSERT INTO students_evaluations (id, student_id, evaluation_id, grade) VALUES (296, 5, 4, 3.0);
INSERT INTO students_evaluations (id, student_id, evaluation_id, grade) VALUES (297, 5, 5, 3.0);
INSERT INTO students_evaluations (id, student_id, evaluation_id, grade) VALUES (298, 5, 6, 3.0);
INSERT INTO students_evaluations (id, student_id, evaluation_id, grade) VALUES (299, 5, 7, 3.0);
INSERT INTO students_evaluations (id, student_id, evaluation_id, grade) VALUES (300, 5, 8, 3.0);
INSERT INTO students_evaluations (id, student_id, evaluation_id, grade) VALUES (301, 5, 9, 3.0);
INSERT INTO students_evaluations (id, student_id, evaluation_id, grade) VALUES (302, 5, 10, 3.0);

INSERT INTO students_evaluations (id, student_id, evaluation_id, grade) VALUES (303, 5, 11, 5.1);
INSERT INTO students_evaluations (id, student_id, evaluation_id, grade) VALUES (304, 5, 12, 6.0);
INSERT INTO students_evaluations (id, student_id, evaluation_id, grade) VALUES (305, 5, 13, 3.0);
INSERT INTO students_evaluations (id, student_id, evaluation_id, grade) VALUES (306, 5, 14, 3.0);
INSERT INTO students_evaluations (id, student_id, evaluation_id, grade) VALUES (307, 5, 15, 3.0);
INSERT INTO students_evaluations (id, student_id, evaluation_id, grade) VALUES (308, 5, 16, 3.0);
INSERT INTO students_evaluations (id, student_id, evaluation_id, grade) VALUES (309, 5, 17, 3.0);
INSERT INTO students_evaluations (id, student_id, evaluation_id, grade) VALUES (310, 5, 18, 3.0);
INSERT INTO students_evaluations (id, student_id, evaluation_id, grade) VALUES (311, 5, 19, 3.0);
INSERT INTO students_evaluations (id, student_id, evaluation_id, grade) VALUES (312, 5, 20, 3.0);

INSERT INTO students_evaluations (id, student_id, evaluation_id, grade) VALUES (313, 5, 21, 5.1);
INSERT INTO students_evaluations (id, student_id, evaluation_id, grade) VALUES (314, 5, 22, 6.0);
INSERT INTO students_evaluations (id, student_id, evaluation_id, grade) VALUES (315, 5, 23, 3.0);
INSERT INTO students_evaluations (id, student_id, evaluation_id, grade) VALUES (316, 5, 24, 3.0);
INSERT INTO students_evaluations (id, student_id, evaluation_id, grade) VALUES (317, 5, 25, 3.0);
INSERT INTO students_evaluations (id, student_id, evaluation_id, grade) VALUES (318, 5, 26, 3.0);
INSERT INTO students_evaluations (id, student_id, evaluation_id, grade) VALUES (319, 5, 27, 3.0);
INSERT INTO students_evaluations (id, student_id, evaluation_id, grade) VALUES (320, 5, 28, 3.0);
INSERT INTO students_evaluations (id, student_id, evaluation_id, grade) VALUES (321, 5, 29, 3.0);
INSERT INTO students_evaluations (id, student_id, evaluation_id, grade) VALUES (322, 5, 30, 3.0);

INSERT INTO students_evaluations (id, student_id, evaluation_id, grade) VALUES (323, 5, 31, 5.1);
INSERT INTO students_evaluations (id, student_id, evaluation_id, grade) VALUES (324, 5, 32, 6.0);
INSERT INTO students_evaluations (id, student_id, evaluation_id, grade) VALUES (325, 5, 33, 3.0);
INSERT INTO students_evaluations (id, student_id, evaluation_id, grade) VALUES (326, 5, 34, 3.0);
INSERT INTO students_evaluations (id, student_id, evaluation_id, grade) VALUES (327, 5, 35, 3.0);
INSERT INTO students_evaluations (id, student_id, evaluation_id, grade) VALUES (328, 5, 36, 3.0);
INSERT INTO students_evaluations (id, student_id, evaluation_id, grade) VALUES (329, 5, 37, 3.0);
INSERT INTO students_evaluations (id, student_id, evaluation_id, grade) VALUES (330, 5, 38, 3.0);
INSERT INTO students_evaluations (id, student_id, evaluation_id, grade) VALUES (331, 5, 39, 3.0);
INSERT INTO students_evaluations (id, student_id, evaluation_id, grade) VALUES (332, 5, 40, 3.0);

INSERT INTO students_evaluations (id, student_id, evaluation_id, grade) VALUES (333, 5, 41, 5.1);
INSERT INTO students_evaluations (id, student_id, evaluation_id, grade) VALUES (334, 5, 42, 6.0);
INSERT INTO students_evaluations (id, student_id, evaluation_id, grade) VALUES (335, 5, 43, 3.0);
INSERT INTO students_evaluations (id, student_id, evaluation_id, grade) VALUES (336, 5, 44, 3.0);
INSERT INTO students_evaluations (id, student_id, evaluation_id, grade) VALUES (337, 5, 45, 3.0);
INSERT INTO students_evaluations (id, student_id, evaluation_id, grade) VALUES (338, 5, 46, 3.0);
INSERT INTO students_evaluations (id, student_id, evaluation_id, grade) VALUES (339, 5, 47, 3.0);
INSERT INTO students_evaluations (id, student_id, evaluation_id, grade) VALUES (340, 5, 48, 3.0);
INSERT INTO students_evaluations (id, student_id, evaluation_id, grade) VALUES (341, 5, 49, 3.0);
INSERT INTO students_evaluations (id, student_id, evaluation_id, grade) VALUES (342, 5, 50, 3.0);

INSERT INTO students_evaluations (id, student_id, evaluation_id, grade) VALUES (343, 5, 51, 5.1);
INSERT INTO students_evaluations (id, student_id, evaluation_id, grade) VALUES (344, 5, 52, 6.0);
INSERT INTO students_evaluations (id, student_id, evaluation_id, grade) VALUES (345, 5, 53, 3.0);
INSERT INTO students_evaluations (id, student_id, evaluation_id, grade) VALUES (346, 5, 54, 3.0);
INSERT INTO students_evaluations (id, student_id, evaluation_id, grade) VALUES (347, 5, 55, 3.0);
INSERT INTO students_evaluations (id, student_id, evaluation_id, grade) VALUES (348, 5, 56, 3.0);
INSERT INTO students_evaluations (id, student_id, evaluation_id, grade) VALUES (349, 5, 57, 3.0);
INSERT INTO students_evaluations (id, student_id, evaluation_id, grade) VALUES (350, 5, 58, 3.0);
INSERT INTO students_evaluations (id, student_id, evaluation_id, grade) VALUES (351, 5, 59, 3.0);
INSERT INTO students_evaluations (id, student_id, evaluation_id, grade) VALUES (352, 5, 60, 3.0);

INSERT INTO students_evaluations (id, student_id, evaluation_id, grade) VALUES (353, 5, 61, 5.1);
INSERT INTO students_evaluations (id, student_id, evaluation_id, grade) VALUES (354, 5, 62, 6.0);
INSERT INTO students_evaluations (id, student_id, evaluation_id, grade) VALUES (355, 5, 63, 3.0);
INSERT INTO students_evaluations (id, student_id, evaluation_id, grade) VALUES (356, 5, 64, 3.0);
INSERT INTO students_evaluations (id, student_id, evaluation_id, grade) VALUES (357, 5, 65, 3.0);
INSERT INTO students_evaluations (id, student_id, evaluation_id, grade) VALUES (358, 5, 66, 3.0);
INSERT INTO students_evaluations (id, student_id, evaluation_id, grade) VALUES (359, 5, 67, 3.0);
INSERT INTO students_evaluations (id, student_id, evaluation_id, grade) VALUES (360, 5, 68, 3.0);
INSERT INTO students_evaluations (id, student_id, evaluation_id, grade) VALUES (361, 5, 69, 3.0);
INSERT INTO students_evaluations (id, student_id, evaluation_id, grade) VALUES (362, 5, 70, 3.0);

INSERT INTO students_evaluations (id, student_id, evaluation_id, grade) VALUES (363, 5, 71, 3.0);
INSERT INTO students_evaluations (id, student_id, evaluation_id, grade) VALUES (364, 5, 72, 3.0);
INSERT INTO students_evaluations (id, student_id, evaluation_id, grade) VALUES (365, 5, 73, 3.0);
INSERT INTO students_evaluations (id, student_id, evaluation_id, grade) VALUES (366, 6, 1, 5.1);
INSERT INTO students_evaluations (id, student_id, evaluation_id, grade) VALUES (367, 6, 2, 6.0);
INSERT INTO students_evaluations (id, student_id, evaluation_id, grade) VALUES (368, 6, 3, 3.0);
INSERT INTO students_evaluations (id, student_id, evaluation_id, grade) VALUES (369, 6, 4, 3.0);
INSERT INTO students_evaluations (id, student_id, evaluation_id, grade) VALUES (370, 6, 5, 3.0);
INSERT INTO students_evaluations (id, student_id, evaluation_id, grade) VALUES (371, 6, 6, 3.0);
INSERT INTO students_evaluations (id, student_id, evaluation_id, grade) VALUES (372, 6, 7, 3.0);
INSERT INTO students_evaluations (id, student_id, evaluation_id, grade) VALUES (373, 6, 8, 3.0);
INSERT INTO students_evaluations (id, student_id, evaluation_id, grade) VALUES (374, 6, 9, 3.0);
INSERT INTO students_evaluations (id, student_id, evaluation_id, grade) VALUES (375, 6, 10, 3.0);

INSERT INTO students_evaluations (id, student_id, evaluation_id, grade) VALUES (376, 6, 11, 5.1);
INSERT INTO students_evaluations (id, student_id, evaluation_id, grade) VALUES (377, 6, 12, 6.0);
INSERT INTO students_evaluations (id, student_id, evaluation_id, grade) VALUES (378, 6, 13, 3.0);
INSERT INTO students_evaluations (id, student_id, evaluation_id, grade) VALUES (379, 6, 14, 3.0);
INSERT INTO students_evaluations (id, student_id, evaluation_id, grade) VALUES (380, 6, 15, 3.0);
INSERT INTO students_evaluations (id, student_id, evaluation_id, grade) VALUES (381, 6, 16, 3.0);
INSERT INTO students_evaluations (id, student_id, evaluation_id, grade) VALUES (382, 6, 17, 3.0);
INSERT INTO students_evaluations (id, student_id, evaluation_id, grade) VALUES (383, 6, 18, 3.0);
INSERT INTO students_evaluations (id, student_id, evaluation_id, grade) VALUES (384, 6, 19, 3.0);
INSERT INTO students_evaluations (id, student_id, evaluation_id, grade) VALUES (385, 6, 20, 3.0);

INSERT INTO students_evaluations (id, student_id, evaluation_id, grade) VALUES (386, 6, 21, 5.1);
INSERT INTO students_evaluations (id, student_id, evaluation_id, grade) VALUES (387, 6, 22, 6.0);
INSERT INTO students_evaluations (id, student_id, evaluation_id, grade) VALUES (388, 6, 23, 3.0);
INSERT INTO students_evaluations (id, student_id, evaluation_id, grade) VALUES (389, 6, 24, 3.0);
INSERT INTO students_evaluations (id, student_id, evaluation_id, grade) VALUES (390, 6, 25, 3.0);
INSERT INTO students_evaluations (id, student_id, evaluation_id, grade) VALUES (391, 6, 26, 3.0);
INSERT INTO students_evaluations (id, student_id, evaluation_id, grade) VALUES (392, 6, 27, 3.0);
INSERT INTO students_evaluations (id, student_id, evaluation_id, grade) VALUES (393, 6, 28, 3.0);
INSERT INTO students_evaluations (id, student_id, evaluation_id, grade) VALUES (394, 6, 29, 3.0);
INSERT INTO students_evaluations (id, student_id, evaluation_id, grade) VALUES (395, 6, 30, 3.0);

INSERT INTO students_evaluations (id, student_id, evaluation_id, grade) VALUES (396, 6, 31, 5.1);
INSERT INTO students_evaluations (id, student_id, evaluation_id, grade) VALUES (397, 6, 32, 6.0);
INSERT INTO students_evaluations (id, student_id, evaluation_id, grade) VALUES (398, 6, 33, 3.0);
INSERT INTO students_evaluations (id, student_id, evaluation_id, grade) VALUES (399, 6, 34, 3.0);
INSERT INTO students_evaluations (id, student_id, evaluation_id, grade) VALUES (400, 6, 35, 3.0);
INSERT INTO students_evaluations (id, student_id, evaluation_id, grade) VALUES (401, 6, 36, 3.0);
INSERT INTO students_evaluations (id, student_id, evaluation_id, grade) VALUES (402, 6, 37, 3.0);
INSERT INTO students_evaluations (id, student_id, evaluation_id, grade) VALUES (403, 6, 38, 3.0);
INSERT INTO students_evaluations (id, student_id, evaluation_id, grade) VALUES (404, 6, 39, 3.0);
INSERT INTO students_evaluations (id, student_id, evaluation_id, grade) VALUES (405, 6, 40, 3.0);

INSERT INTO students_evaluations (id, student_id, evaluation_id, grade) VALUES (406, 6, 41, 5.1);
INSERT INTO students_evaluations (id, student_id, evaluation_id, grade) VALUES (407, 6, 42, 6.0);
INSERT INTO students_evaluations (id, student_id, evaluation_id, grade) VALUES (408, 6, 43, 3.0);
INSERT INTO students_evaluations (id, student_id, evaluation_id, grade) VALUES (409, 6, 44, 3.0);
INSERT INTO students_evaluations (id, student_id, evaluation_id, grade) VALUES (410, 6, 45, 3.0);
INSERT INTO students_evaluations (id, student_id, evaluation_id, grade) VALUES (411, 6, 46, 3.0);
INSERT INTO students_evaluations (id, student_id, evaluation_id, grade) VALUES (412, 6, 47, 3.0);
INSERT INTO students_evaluations (id, student_id, evaluation_id, grade) VALUES (413, 6, 48, 3.0);
INSERT INTO students_evaluations (id, student_id, evaluation_id, grade) VALUES (414, 6, 49, 3.0);
INSERT INTO students_evaluations (id, student_id, evaluation_id, grade) VALUES (415, 6, 50, 3.0);

INSERT INTO students_evaluations (id, student_id, evaluation_id, grade) VALUES (416, 6, 51, 5.1);
INSERT INTO students_evaluations (id, student_id, evaluation_id, grade) VALUES (417, 6, 52, 6.0);
INSERT INTO students_evaluations (id, student_id, evaluation_id, grade) VALUES (418, 6, 53, 3.0);
INSERT INTO students_evaluations (id, student_id, evaluation_id, grade) VALUES (419, 6, 54, 3.0);
INSERT INTO students_evaluations (id, student_id, evaluation_id, grade) VALUES (420, 6, 55, 3.0);
INSERT INTO students_evaluations (id, student_id, evaluation_id, grade) VALUES (421, 6, 56, 3.0);
INSERT INTO students_evaluations (id, student_id, evaluation_id, grade) VALUES (422, 6, 57, 3.0);
INSERT INTO students_evaluations (id, student_id, evaluation_id, grade) VALUES (423, 6, 58, 3.0);
INSERT INTO students_evaluations (id, student_id, evaluation_id, grade) VALUES (424, 6, 59, 3.0);
INSERT INTO students_evaluations (id, student_id, evaluation_id, grade) VALUES (425, 6, 60, 3.0);

INSERT INTO students_evaluations (id, student_id, evaluation_id, grade) VALUES (426, 6, 61, 5.1);
INSERT INTO students_evaluations (id, student_id, evaluation_id, grade) VALUES (427, 6, 62, 6.0);
INSERT INTO students_evaluations (id, student_id, evaluation_id, grade) VALUES (428, 6, 63, 3.0);
INSERT INTO students_evaluations (id, student_id, evaluation_id, grade) VALUES (429, 6, 64, 3.0);
INSERT INTO students_evaluations (id, student_id, evaluation_id, grade) VALUES (430, 6, 65, 3.0);
INSERT INTO students_evaluations (id, student_id, evaluation_id, grade) VALUES (431, 6, 66, 3.0);
INSERT INTO students_evaluations (id, student_id, evaluation_id, grade) VALUES (432, 6, 67, 3.0);
INSERT INTO students_evaluations (id, student_id, evaluation_id, grade) VALUES (433, 6, 68, 3.0);
INSERT INTO students_evaluations (id, student_id, evaluation_id, grade) VALUES (434, 6, 69, 3.0);
INSERT INTO students_evaluations (id, student_id, evaluation_id, grade) VALUES (435, 6, 70, 3.0);

INSERT INTO students_evaluations (id, student_id, evaluation_id, grade) VALUES (436, 6, 71, 3.0);
INSERT INTO students_evaluations (id, student_id, evaluation_id, grade) VALUES (437, 6, 72, 3.0);
INSERT INTO students_evaluations (id, student_id, evaluation_id, grade) VALUES (438, 6, 73, 3.0);
INSERT INTO students_evaluations (id, student_id, evaluation_id, grade) VALUES (439, 7, 1, 5.1);
INSERT INTO students_evaluations (id, student_id, evaluation_id, grade) VALUES (440, 7, 2, 6.0);
INSERT INTO students_evaluations (id, student_id, evaluation_id, grade) VALUES (441, 7, 3, 3.0);
INSERT INTO students_evaluations (id, student_id, evaluation_id, grade) VALUES (442, 7, 4, 3.0);
INSERT INTO students_evaluations (id, student_id, evaluation_id, grade) VALUES (443, 7, 5, 3.0);
INSERT INTO students_evaluations (id, student_id, evaluation_id, grade) VALUES (444, 7, 6, 3.0);
INSERT INTO students_evaluations (id, student_id, evaluation_id, grade) VALUES (445, 7, 7, 3.0);
INSERT INTO students_evaluations (id, student_id, evaluation_id, grade) VALUES (446, 7, 8, 3.0);
INSERT INTO students_evaluations (id, student_id, evaluation_id, grade) VALUES (447, 7, 9, 3.0);
INSERT INTO students_evaluations (id, student_id, evaluation_id, grade) VALUES (448, 7, 10, 3.0);

INSERT INTO students_evaluations (id, student_id, evaluation_id, grade) VALUES (449, 7, 11, 5.1);
INSERT INTO students_evaluations (id, student_id, evaluation_id, grade) VALUES (450, 7, 12, 6.0);
INSERT INTO students_evaluations (id, student_id, evaluation_id, grade) VALUES (451, 7, 13, 3.0);
INSERT INTO students_evaluations (id, student_id, evaluation_id, grade) VALUES (452, 7, 14, 3.0);
INSERT INTO students_evaluations (id, student_id, evaluation_id, grade) VALUES (453, 7, 15, 3.0);
INSERT INTO students_evaluations (id, student_id, evaluation_id, grade) VALUES (454, 7, 16, 3.0);
INSERT INTO students_evaluations (id, student_id, evaluation_id, grade) VALUES (455, 7, 17, 3.0);
INSERT INTO students_evaluations (id, student_id, evaluation_id, grade) VALUES (456, 7, 18, 3.0);
INSERT INTO students_evaluations (id, student_id, evaluation_id, grade) VALUES (457, 7, 19, 3.0);
INSERT INTO students_evaluations (id, student_id, evaluation_id, grade) VALUES (458, 7, 20, 3.0);

INSERT INTO students_evaluations (id, student_id, evaluation_id, grade) VALUES (459, 7, 21, 5.1);
INSERT INTO students_evaluations (id, student_id, evaluation_id, grade) VALUES (460, 7, 22, 6.0);
INSERT INTO students_evaluations (id, student_id, evaluation_id, grade) VALUES (461, 7, 23, 3.0);
INSERT INTO students_evaluations (id, student_id, evaluation_id, grade) VALUES (462, 7, 24, 3.0);
INSERT INTO students_evaluations (id, student_id, evaluation_id, grade) VALUES (463, 7, 25, 3.0);
INSERT INTO students_evaluations (id, student_id, evaluation_id, grade) VALUES (464, 7, 26, 3.0);
INSERT INTO students_evaluations (id, student_id, evaluation_id, grade) VALUES (465, 7, 27, 3.0);
INSERT INTO students_evaluations (id, student_id, evaluation_id, grade) VALUES (466, 7, 28, 3.0);
INSERT INTO students_evaluations (id, student_id, evaluation_id, grade) VALUES (467, 7, 29, 3.0);
INSERT INTO students_evaluations (id, student_id, evaluation_id, grade) VALUES (468, 7, 30, 3.0);

INSERT INTO students_evaluations (id, student_id, evaluation_id, grade) VALUES (469, 7, 31, 5.1);
INSERT INTO students_evaluations (id, student_id, evaluation_id, grade) VALUES (470, 7, 32, 6.0);
INSERT INTO students_evaluations (id, student_id, evaluation_id, grade) VALUES (471, 7, 33, 3.0);
INSERT INTO students_evaluations (id, student_id, evaluation_id, grade) VALUES (472, 7, 34, 3.0);
INSERT INTO students_evaluations (id, student_id, evaluation_id, grade) VALUES (473, 7, 35, 3.0);
INSERT INTO students_evaluations (id, student_id, evaluation_id, grade) VALUES (474, 7, 36, 3.0);
INSERT INTO students_evaluations (id, student_id, evaluation_id, grade) VALUES (475, 7, 37, 3.0);
INSERT INTO students_evaluations (id, student_id, evaluation_id, grade) VALUES (476, 7, 38, 3.0);
INSERT INTO students_evaluations (id, student_id, evaluation_id, grade) VALUES (477, 7, 39, 3.0);
INSERT INTO students_evaluations (id, student_id, evaluation_id, grade) VALUES (478, 7, 40, 3.0);

INSERT INTO students_evaluations (id, student_id, evaluation_id, grade) VALUES (479, 7, 41, 5.1);
INSERT INTO students_evaluations (id, student_id, evaluation_id, grade) VALUES (480, 7, 42, 6.0);
INSERT INTO students_evaluations (id, student_id, evaluation_id, grade) VALUES (481, 7, 43, 3.0);
INSERT INTO students_evaluations (id, student_id, evaluation_id, grade) VALUES (482, 7, 44, 3.0);
INSERT INTO students_evaluations (id, student_id, evaluation_id, grade) VALUES (483, 7, 45, 3.0);
INSERT INTO students_evaluations (id, student_id, evaluation_id, grade) VALUES (484, 7, 46, 3.0);
INSERT INTO students_evaluations (id, student_id, evaluation_id, grade) VALUES (485, 7, 47, 3.0);
INSERT INTO students_evaluations (id, student_id, evaluation_id, grade) VALUES (486, 7, 48, 3.0);
INSERT INTO students_evaluations (id, student_id, evaluation_id, grade) VALUES (487, 7, 49, 3.0);
INSERT INTO students_evaluations (id, student_id, evaluation_id, grade) VALUES (488, 7, 50, 3.0);

INSERT INTO students_evaluations (id, student_id, evaluation_id, grade) VALUES (489, 7, 51, 5.1);
INSERT INTO students_evaluations (id, student_id, evaluation_id, grade) VALUES (490, 7, 52, 6.0);
INSERT INTO students_evaluations (id, student_id, evaluation_id, grade) VALUES (491, 7, 53, 3.0);
INSERT INTO students_evaluations (id, student_id, evaluation_id, grade) VALUES (492, 7, 54, 3.0);
INSERT INTO students_evaluations (id, student_id, evaluation_id, grade) VALUES (493, 7, 55, 3.0);
INSERT INTO students_evaluations (id, student_id, evaluation_id, grade) VALUES (494, 7, 56, 3.0);
INSERT INTO students_evaluations (id, student_id, evaluation_id, grade) VALUES (495, 7, 57, 3.0);
INSERT INTO students_evaluations (id, student_id, evaluation_id, grade) VALUES (496, 7, 58, 3.0);
INSERT INTO students_evaluations (id, student_id, evaluation_id, grade) VALUES (497, 7, 59, 3.0);
INSERT INTO students_evaluations (id, student_id, evaluation_id, grade) VALUES (498, 7, 60, 3.0);

INSERT INTO students_evaluations (id, student_id, evaluation_id, grade) VALUES (499, 7, 61, 5.1);
INSERT INTO students_evaluations (id, student_id, evaluation_id, grade) VALUES (500, 7, 62, 6.0);
INSERT INTO students_evaluations (id, student_id, evaluation_id, grade) VALUES (501, 7, 63, 3.0);
INSERT INTO students_evaluations (id, student_id, evaluation_id, grade) VALUES (502, 7, 64, 3.0);
INSERT INTO students_evaluations (id, student_id, evaluation_id, grade) VALUES (503, 7, 65, 3.0);
INSERT INTO students_evaluations (id, student_id, evaluation_id, grade) VALUES (504, 7, 66, 3.0);
INSERT INTO students_evaluations (id, student_id, evaluation_id, grade) VALUES (505, 7, 67, 3.0);
INSERT INTO students_evaluations (id, student_id, evaluation_id, grade) VALUES (506, 7, 68, 3.0);
INSERT INTO students_evaluations (id, student_id, evaluation_id, grade) VALUES (507, 7, 69, 3.0);
INSERT INTO students_evaluations (id, student_id, evaluation_id, grade) VALUES (508, 7, 70, 3.0);

INSERT INTO students_evaluations (id, student_id, evaluation_id, grade) VALUES (509, 7, 71, 3.0);
INSERT INTO students_evaluations (id, student_id, evaluation_id, grade) VALUES (510, 7, 72, 3.0);
INSERT INTO students_evaluations (id, student_id, evaluation_id, grade) VALUES (511, 7, 73, 3.0);
INSERT INTO students_evaluations (id, student_id, evaluation_id, grade) VALUES (512, 8, 1, 5.1);
INSERT INTO students_evaluations (id, student_id, evaluation_id, grade) VALUES (513, 8, 2, 6.0);
INSERT INTO students_evaluations (id, student_id, evaluation_id, grade) VALUES (514, 8, 3, 3.0);
INSERT INTO students_evaluations (id, student_id, evaluation_id, grade) VALUES (515, 8, 4, 3.0);
INSERT INTO students_evaluations (id, student_id, evaluation_id, grade) VALUES (516, 8, 5, 3.0);
INSERT INTO students_evaluations (id, student_id, evaluation_id, grade) VALUES (517, 8, 6, 3.0);
INSERT INTO students_evaluations (id, student_id, evaluation_id, grade) VALUES (518, 8, 7, 3.0);
INSERT INTO students_evaluations (id, student_id, evaluation_id, grade) VALUES (519, 8, 8, 3.0);
INSERT INTO students_evaluations (id, student_id, evaluation_id, grade) VALUES (520, 8, 9, 3.0);
INSERT INTO students_evaluations (id, student_id, evaluation_id, grade) VALUES (521, 8, 10, 3.0);

INSERT INTO students_evaluations (id, student_id, evaluation_id, grade) VALUES (522, 8, 11, 5.1);
INSERT INTO students_evaluations (id, student_id, evaluation_id, grade) VALUES (523, 8, 12, 6.0);
INSERT INTO students_evaluations (id, student_id, evaluation_id, grade) VALUES (524, 8, 13, 3.0);
INSERT INTO students_evaluations (id, student_id, evaluation_id, grade) VALUES (525, 8, 14, 3.0);
INSERT INTO students_evaluations (id, student_id, evaluation_id, grade) VALUES (526, 8, 15, 3.0);
INSERT INTO students_evaluations (id, student_id, evaluation_id, grade) VALUES (527, 8, 16, 3.0);
INSERT INTO students_evaluations (id, student_id, evaluation_id, grade) VALUES (528, 8, 17, 3.0);
INSERT INTO students_evaluations (id, student_id, evaluation_id, grade) VALUES (529, 8, 18, 3.0);
INSERT INTO students_evaluations (id, student_id, evaluation_id, grade) VALUES (530, 8, 19, 3.0);
INSERT INTO students_evaluations (id, student_id, evaluation_id, grade) VALUES (531, 8, 20, 3.0);

INSERT INTO students_evaluations (id, student_id, evaluation_id, grade) VALUES (532, 8, 21, 5.1);
INSERT INTO students_evaluations (id, student_id, evaluation_id, grade) VALUES (533, 8, 22, 6.0);
INSERT INTO students_evaluations (id, student_id, evaluation_id, grade) VALUES (534, 8, 23, 3.0);
INSERT INTO students_evaluations (id, student_id, evaluation_id, grade) VALUES (535, 8, 24, 3.0);
INSERT INTO students_evaluations (id, student_id, evaluation_id, grade) VALUES (536, 8, 25, 3.0);
INSERT INTO students_evaluations (id, student_id, evaluation_id, grade) VALUES (537, 8, 26, 3.0);
INSERT INTO students_evaluations (id, student_id, evaluation_id, grade) VALUES (538, 8, 27, 3.0);
INSERT INTO students_evaluations (id, student_id, evaluation_id, grade) VALUES (539, 8, 28, 3.0);
INSERT INTO students_evaluations (id, student_id, evaluation_id, grade) VALUES (540, 8, 29, 3.0);
INSERT INTO students_evaluations (id, student_id, evaluation_id, grade) VALUES (541, 8, 30, 3.0);

INSERT INTO students_evaluations (id, student_id, evaluation_id, grade) VALUES (542, 8, 31, 5.1);
INSERT INTO students_evaluations (id, student_id, evaluation_id, grade) VALUES (543, 8, 32, 6.0);
INSERT INTO students_evaluations (id, student_id, evaluation_id, grade) VALUES (544, 8, 33, 3.0);
INSERT INTO students_evaluations (id, student_id, evaluation_id, grade) VALUES (545, 8, 34, 3.0);
INSERT INTO students_evaluations (id, student_id, evaluation_id, grade) VALUES (546, 8, 35, 3.0);
INSERT INTO students_evaluations (id, student_id, evaluation_id, grade) VALUES (547, 8, 36, 3.0);
INSERT INTO students_evaluations (id, student_id, evaluation_id, grade) VALUES (548, 8, 37, 3.0);
INSERT INTO students_evaluations (id, student_id, evaluation_id, grade) VALUES (549, 8, 38, 3.0);
INSERT INTO students_evaluations (id, student_id, evaluation_id, grade) VALUES (550, 8, 39, 3.0);
INSERT INTO students_evaluations (id, student_id, evaluation_id, grade) VALUES (551, 8, 40, 3.0);

INSERT INTO students_evaluations (id, student_id, evaluation_id, grade) VALUES (552, 8, 41, 5.1);
INSERT INTO students_evaluations (id, student_id, evaluation_id, grade) VALUES (553, 8, 42, 6.0);
INSERT INTO students_evaluations (id, student_id, evaluation_id, grade) VALUES (554, 8, 43, 3.0);
INSERT INTO students_evaluations (id, student_id, evaluation_id, grade) VALUES (555, 8, 44, 3.0);
INSERT INTO students_evaluations (id, student_id, evaluation_id, grade) VALUES (556, 8, 45, 3.0);
INSERT INTO students_evaluations (id, student_id, evaluation_id, grade) VALUES (557, 8, 46, 3.0);
INSERT INTO students_evaluations (id, student_id, evaluation_id, grade) VALUES (558, 8, 47, 3.0);
INSERT INTO students_evaluations (id, student_id, evaluation_id, grade) VALUES (559, 8, 48, 3.0);
INSERT INTO students_evaluations (id, student_id, evaluation_id, grade) VALUES (560, 8, 49, 3.0);
INSERT INTO students_evaluations (id, student_id, evaluation_id, grade) VALUES (561, 8, 50, 3.0);

INSERT INTO students_evaluations (id, student_id, evaluation_id, grade) VALUES (562, 8, 51, 5.1);
INSERT INTO students_evaluations (id, student_id, evaluation_id, grade) VALUES (563, 8, 52, 6.0);
INSERT INTO students_evaluations (id, student_id, evaluation_id, grade) VALUES (564, 8, 53, 3.0);
INSERT INTO students_evaluations (id, student_id, evaluation_id, grade) VALUES (565, 8, 54, 3.0);
INSERT INTO students_evaluations (id, student_id, evaluation_id, grade) VALUES (566, 8, 55, 3.0);
INSERT INTO students_evaluations (id, student_id, evaluation_id, grade) VALUES (567, 8, 56, 3.0);
INSERT INTO students_evaluations (id, student_id, evaluation_id, grade) VALUES (568, 8, 57, 3.0);
INSERT INTO students_evaluations (id, student_id, evaluation_id, grade) VALUES (569, 8, 58, 3.0);
INSERT INTO students_evaluations (id, student_id, evaluation_id, grade) VALUES (570, 8, 59, 3.0);
INSERT INTO students_evaluations (id, student_id, evaluation_id, grade) VALUES (571, 8, 60, 3.0);

INSERT INTO students_evaluations (id, student_id, evaluation_id, grade) VALUES (572, 8, 61, 5.1);
INSERT INTO students_evaluations (id, student_id, evaluation_id, grade) VALUES (573, 8, 62, 6.0);
INSERT INTO students_evaluations (id, student_id, evaluation_id, grade) VALUES (574, 8, 63, 3.0);
INSERT INTO students_evaluations (id, student_id, evaluation_id, grade) VALUES (575, 8, 64, 3.0);
INSERT INTO students_evaluations (id, student_id, evaluation_id, grade) VALUES (576, 8, 65, 3.0);
INSERT INTO students_evaluations (id, student_id, evaluation_id, grade) VALUES (577, 8, 66, 3.0);
INSERT INTO students_evaluations (id, student_id, evaluation_id, grade) VALUES (578, 8, 67, 3.0);
INSERT INTO students_evaluations (id, student_id, evaluation_id, grade) VALUES (579, 8, 68, 3.0);
INSERT INTO students_evaluations (id, student_id, evaluation_id, grade) VALUES (580, 8, 69, 3.0);
INSERT INTO students_evaluations (id, student_id, evaluation_id, grade) VALUES (581, 8, 70, 3.0);

INSERT INTO students_evaluations (id, student_id, evaluation_id, grade) VALUES (582, 8, 71, 3.0);
INSERT INTO students_evaluations (id, student_id, evaluation_id, grade) VALUES (583, 8, 72, 3.0);
INSERT INTO students_evaluations (id, student_id, evaluation_id, grade) VALUES (584, 8, 73, 3.0);
INSERT INTO students_evaluations (id, student_id, evaluation_id, grade) VALUES (585, 9, 1, 5.1);
INSERT INTO students_evaluations (id, student_id, evaluation_id, grade) VALUES (586, 9, 2, 6.0);
INSERT INTO students_evaluations (id, student_id, evaluation_id, grade) VALUES (587, 9, 3, 3.0);
INSERT INTO students_evaluations (id, student_id, evaluation_id, grade) VALUES (588, 9, 4, 3.0);
INSERT INTO students_evaluations (id, student_id, evaluation_id, grade) VALUES (589, 9, 5, 3.0);
INSERT INTO students_evaluations (id, student_id, evaluation_id, grade) VALUES (590, 9, 6, 3.0);
INSERT INTO students_evaluations (id, student_id, evaluation_id, grade) VALUES (591, 9, 7, 3.0);
INSERT INTO students_evaluations (id, student_id, evaluation_id, grade) VALUES (592, 9, 8, 3.0);
INSERT INTO students_evaluations (id, student_id, evaluation_id, grade) VALUES (593, 9, 9, 3.0);
INSERT INTO students_evaluations (id, student_id, evaluation_id, grade) VALUES (594, 9, 10, 3.0);

INSERT INTO students_evaluations (id, student_id, evaluation_id, grade) VALUES (595, 9, 11, 5.1);
INSERT INTO students_evaluations (id, student_id, evaluation_id, grade) VALUES (596, 9, 12, 6.0);
INSERT INTO students_evaluations (id, student_id, evaluation_id, grade) VALUES (597, 9, 13, 3.0);
INSERT INTO students_evaluations (id, student_id, evaluation_id, grade) VALUES (598, 9, 14, 3.0);
INSERT INTO students_evaluations (id, student_id, evaluation_id, grade) VALUES (599, 9, 15, 3.0);
INSERT INTO students_evaluations (id, student_id, evaluation_id, grade) VALUES (600, 9, 16, 3.0);
INSERT INTO students_evaluations (id, student_id, evaluation_id, grade) VALUES (601, 9, 17, 3.0);
INSERT INTO students_evaluations (id, student_id, evaluation_id, grade) VALUES (602, 9, 18, 3.0);
INSERT INTO students_evaluations (id, student_id, evaluation_id, grade) VALUES (603, 9, 19, 3.0);
INSERT INTO students_evaluations (id, student_id, evaluation_id, grade) VALUES (604, 9, 20, 3.0);

INSERT INTO students_evaluations (id, student_id, evaluation_id, grade) VALUES (605, 9, 21, 5.1);
INSERT INTO students_evaluations (id, student_id, evaluation_id, grade) VALUES (606, 9, 22, 6.0);
INSERT INTO students_evaluations (id, student_id, evaluation_id, grade) VALUES (607, 9, 23, 3.0);
INSERT INTO students_evaluations (id, student_id, evaluation_id, grade) VALUES (608, 9, 24, 3.0);
INSERT INTO students_evaluations (id, student_id, evaluation_id, grade) VALUES (609, 9, 25, 3.0);
INSERT INTO students_evaluations (id, student_id, evaluation_id, grade) VALUES (610, 9, 26, 3.0);
INSERT INTO students_evaluations (id, student_id, evaluation_id, grade) VALUES (611, 9, 27, 3.0);
INSERT INTO students_evaluations (id, student_id, evaluation_id, grade) VALUES (612, 9, 28, 3.0);
INSERT INTO students_evaluations (id, student_id, evaluation_id, grade) VALUES (613, 9, 29, 3.0);
INSERT INTO students_evaluations (id, student_id, evaluation_id, grade) VALUES (614, 9, 30, 3.0);

INSERT INTO students_evaluations (id, student_id, evaluation_id, grade) VALUES (615, 9, 31, 5.1);
INSERT INTO students_evaluations (id, student_id, evaluation_id, grade) VALUES (616, 9, 32, 6.0);
INSERT INTO students_evaluations (id, student_id, evaluation_id, grade) VALUES (617, 9, 33, 3.0);
INSERT INTO students_evaluations (id, student_id, evaluation_id, grade) VALUES (618, 9, 34, 3.0);
INSERT INTO students_evaluations (id, student_id, evaluation_id, grade) VALUES (619, 9, 35, 3.0);
INSERT INTO students_evaluations (id, student_id, evaluation_id, grade) VALUES (620, 9, 36, 3.0);
INSERT INTO students_evaluations (id, student_id, evaluation_id, grade) VALUES (621, 9, 37, 3.0);
INSERT INTO students_evaluations (id, student_id, evaluation_id, grade) VALUES (622, 9, 38, 3.0);
INSERT INTO students_evaluations (id, student_id, evaluation_id, grade) VALUES (623, 9, 39, 3.0);
INSERT INTO students_evaluations (id, student_id, evaluation_id, grade) VALUES (624, 9, 40, 3.0);

INSERT INTO students_evaluations (id, student_id, evaluation_id, grade) VALUES (625, 9, 41, 5.1);
INSERT INTO students_evaluations (id, student_id, evaluation_id, grade) VALUES (626, 9, 42, 6.0);
INSERT INTO students_evaluations (id, student_id, evaluation_id, grade) VALUES (627, 9, 43, 3.0);
INSERT INTO students_evaluations (id, student_id, evaluation_id, grade) VALUES (628, 9, 44, 3.0);
INSERT INTO students_evaluations (id, student_id, evaluation_id, grade) VALUES (629, 9, 45, 3.0);
INSERT INTO students_evaluations (id, student_id, evaluation_id, grade) VALUES (630, 9, 46, 3.0);
INSERT INTO students_evaluations (id, student_id, evaluation_id, grade) VALUES (631, 9, 47, 3.0);
INSERT INTO students_evaluations (id, student_id, evaluation_id, grade) VALUES (632, 9, 48, 3.0);
INSERT INTO students_evaluations (id, student_id, evaluation_id, grade) VALUES (633, 9, 49, 3.0);
INSERT INTO students_evaluations (id, student_id, evaluation_id, grade) VALUES (634, 9, 50, 3.0);

INSERT INTO students_evaluations (id, student_id, evaluation_id, grade) VALUES (635, 9, 51, 5.1);
INSERT INTO students_evaluations (id, student_id, evaluation_id, grade) VALUES (636, 9, 52, 6.0);
INSERT INTO students_evaluations (id, student_id, evaluation_id, grade) VALUES (637, 9, 53, 3.0);
INSERT INTO students_evaluations (id, student_id, evaluation_id, grade) VALUES (638, 9, 54, 3.0);
INSERT INTO students_evaluations (id, student_id, evaluation_id, grade) VALUES (639, 9, 55, 3.0);
INSERT INTO students_evaluations (id, student_id, evaluation_id, grade) VALUES (640, 9, 56, 3.0);
INSERT INTO students_evaluations (id, student_id, evaluation_id, grade) VALUES (641, 9, 57, 3.0);
INSERT INTO students_evaluations (id, student_id, evaluation_id, grade) VALUES (642, 9, 58, 3.0);
INSERT INTO students_evaluations (id, student_id, evaluation_id, grade) VALUES (643, 9, 59, 3.0);
INSERT INTO students_evaluations (id, student_id, evaluation_id, grade) VALUES (644, 9, 60, 3.0);

INSERT INTO students_evaluations (id, student_id, evaluation_id, grade) VALUES (645, 9, 61, 5.1);
INSERT INTO students_evaluations (id, student_id, evaluation_id, grade) VALUES (646, 9, 62, 6.0);
INSERT INTO students_evaluations (id, student_id, evaluation_id, grade) VALUES (647, 9, 63, 3.0);
INSERT INTO students_evaluations (id, student_id, evaluation_id, grade) VALUES (648, 9, 64, 3.0);
INSERT INTO students_evaluations (id, student_id, evaluation_id, grade) VALUES (649, 9, 65, 3.0);
INSERT INTO students_evaluations (id, student_id, evaluation_id, grade) VALUES (650, 9, 66, 3.0);
INSERT INTO students_evaluations (id, student_id, evaluation_id, grade) VALUES (651, 9, 67, 3.0);
INSERT INTO students_evaluations (id, student_id, evaluation_id, grade) VALUES (652, 9, 68, 3.0);
INSERT INTO students_evaluations (id, student_id, evaluation_id, grade) VALUES (653, 9, 69, 3.0);
INSERT INTO students_evaluations (id, student_id, evaluation_id, grade) VALUES (654, 9, 70, 3.0);

INSERT INTO students_evaluations (id, student_id, evaluation_id, grade) VALUES (655, 9, 71, 3.0);
INSERT INTO students_evaluations (id, student_id, evaluation_id, grade) VALUES (656, 9, 72, 3.0);
INSERT INTO students_evaluations (id, student_id, evaluation_id, grade) VALUES (657, 9, 73, 3.0);
INSERT INTO students_evaluations (id, student_id, evaluation_id, grade) VALUES (658, 10, 1, 5.1);
INSERT INTO students_evaluations (id, student_id, evaluation_id, grade) VALUES (659, 10, 2, 6.0);
INSERT INTO students_evaluations (id, student_id, evaluation_id, grade) VALUES (660, 10, 3, 3.0);
INSERT INTO students_evaluations (id, student_id, evaluation_id, grade) VALUES (661, 10, 4, 3.0);
INSERT INTO students_evaluations (id, student_id, evaluation_id, grade) VALUES (662, 10, 5, 3.0);
INSERT INTO students_evaluations (id, student_id, evaluation_id, grade) VALUES (663, 10, 6, 3.0);
INSERT INTO students_evaluations (id, student_id, evaluation_id, grade) VALUES (664, 10, 7, 3.0);
INSERT INTO students_evaluations (id, student_id, evaluation_id, grade) VALUES (665, 10, 8, 3.0);
INSERT INTO students_evaluations (id, student_id, evaluation_id, grade) VALUES (666, 10, 9, 3.0);
INSERT INTO students_evaluations (id, student_id, evaluation_id, grade) VALUES (667, 10, 10, 3.0);

INSERT INTO students_evaluations (id, student_id, evaluation_id, grade) VALUES (668, 10, 11, 5.1);
INSERT INTO students_evaluations (id, student_id, evaluation_id, grade) VALUES (669, 10, 12, 6.0);
INSERT INTO students_evaluations (id, student_id, evaluation_id, grade) VALUES (670, 10, 13, 3.0);
INSERT INTO students_evaluations (id, student_id, evaluation_id, grade) VALUES (671, 10, 14, 3.0);
INSERT INTO students_evaluations (id, student_id, evaluation_id, grade) VALUES (672, 10, 15, 3.0);
INSERT INTO students_evaluations (id, student_id, evaluation_id, grade) VALUES (673, 10, 16, 3.0);
INSERT INTO students_evaluations (id, student_id, evaluation_id, grade) VALUES (674, 10, 17, 3.0);
INSERT INTO students_evaluations (id, student_id, evaluation_id, grade) VALUES (675, 10, 18, 3.0);
INSERT INTO students_evaluations (id, student_id, evaluation_id, grade) VALUES (676, 10, 19, 3.0);
INSERT INTO students_evaluations (id, student_id, evaluation_id, grade) VALUES (677, 10, 20, 3.0);

INSERT INTO students_evaluations (id, student_id, evaluation_id, grade) VALUES (678, 10, 21, 5.1);
INSERT INTO students_evaluations (id, student_id, evaluation_id, grade) VALUES (679, 10, 22, 6.0);
INSERT INTO students_evaluations (id, student_id, evaluation_id, grade) VALUES (680, 10, 23, 3.0);
INSERT INTO students_evaluations (id, student_id, evaluation_id, grade) VALUES (681, 10, 24, 3.0);
INSERT INTO students_evaluations (id, student_id, evaluation_id, grade) VALUES (682, 10, 25, 3.0);
INSERT INTO students_evaluations (id, student_id, evaluation_id, grade) VALUES (683, 10, 26, 3.0);
INSERT INTO students_evaluations (id, student_id, evaluation_id, grade) VALUES (684, 10, 27, 3.0);
INSERT INTO students_evaluations (id, student_id, evaluation_id, grade) VALUES (685, 10, 28, 3.0);
INSERT INTO students_evaluations (id, student_id, evaluation_id, grade) VALUES (686, 10, 29, 3.0);
INSERT INTO students_evaluations (id, student_id, evaluation_id, grade) VALUES (687, 10, 30, 3.0);

INSERT INTO students_evaluations (id, student_id, evaluation_id, grade) VALUES (688, 10, 31, 5.1);
INSERT INTO students_evaluations (id, student_id, evaluation_id, grade) VALUES (689, 10, 32, 6.0);
INSERT INTO students_evaluations (id, student_id, evaluation_id, grade) VALUES (690, 10, 33, 3.0);
INSERT INTO students_evaluations (id, student_id, evaluation_id, grade) VALUES (691, 10, 34, 3.0);
INSERT INTO students_evaluations (id, student_id, evaluation_id, grade) VALUES (692, 10, 35, 3.0);
INSERT INTO students_evaluations (id, student_id, evaluation_id, grade) VALUES (693, 10, 36, 3.0);
INSERT INTO students_evaluations (id, student_id, evaluation_id, grade) VALUES (694, 10, 37, 3.0);
INSERT INTO students_evaluations (id, student_id, evaluation_id, grade) VALUES (695, 10, 38, 3.0);
INSERT INTO students_evaluations (id, student_id, evaluation_id, grade) VALUES (696, 10, 39, 3.0);
INSERT INTO students_evaluations (id, student_id, evaluation_id, grade) VALUES (697, 10, 40, 3.0);

INSERT INTO students_evaluations (id, student_id, evaluation_id, grade) VALUES (698, 10, 41, 5.1);
INSERT INTO students_evaluations (id, student_id, evaluation_id, grade) VALUES (699, 10, 42, 6.0);
INSERT INTO students_evaluations (id, student_id, evaluation_id, grade) VALUES (700, 10, 43, 3.0);
INSERT INTO students_evaluations (id, student_id, evaluation_id, grade) VALUES (701, 10, 44, 3.0);
INSERT INTO students_evaluations (id, student_id, evaluation_id, grade) VALUES (702, 10, 45, 3.0);
INSERT INTO students_evaluations (id, student_id, evaluation_id, grade) VALUES (703, 10, 46, 3.0);
INSERT INTO students_evaluations (id, student_id, evaluation_id, grade) VALUES (704, 10, 47, 3.0);
INSERT INTO students_evaluations (id, student_id, evaluation_id, grade) VALUES (705, 10, 48, 3.0);
INSERT INTO students_evaluations (id, student_id, evaluation_id, grade) VALUES (706, 10, 49, 3.0);
INSERT INTO students_evaluations (id, student_id, evaluation_id, grade) VALUES (707, 10, 50, 3.0);

INSERT INTO students_evaluations (id, student_id, evaluation_id, grade) VALUES (708, 10, 51, 5.1);
INSERT INTO students_evaluations (id, student_id, evaluation_id, grade) VALUES (709, 10, 52, 6.0);
INSERT INTO students_evaluations (id, student_id, evaluation_id, grade) VALUES (710, 10, 53, 3.0);
INSERT INTO students_evaluations (id, student_id, evaluation_id, grade) VALUES (711, 10, 54, 3.0);
INSERT INTO students_evaluations (id, student_id, evaluation_id, grade) VALUES (712, 10, 55, 3.0);
INSERT INTO students_evaluations (id, student_id, evaluation_id, grade) VALUES (713, 10, 56, 3.0);
INSERT INTO students_evaluations (id, student_id, evaluation_id, grade) VALUES (714, 10, 57, 3.0);
INSERT INTO students_evaluations (id, student_id, evaluation_id, grade) VALUES (715, 10, 58, 3.0);
INSERT INTO students_evaluations (id, student_id, evaluation_id, grade) VALUES (716, 10, 59, 3.0);
INSERT INTO students_evaluations (id, student_id, evaluation_id, grade) VALUES (717, 10, 60, 3.0);

INSERT INTO students_evaluations (id, student_id, evaluation_id, grade) VALUES (718, 10, 61, 5.1);
INSERT INTO students_evaluations (id, student_id, evaluation_id, grade) VALUES (719, 10, 62, 6.0);
INSERT INTO students_evaluations (id, student_id, evaluation_id, grade) VALUES (720, 10, 63, 3.0);
INSERT INTO students_evaluations (id, student_id, evaluation_id, grade) VALUES (721, 10, 64, 3.0);
INSERT INTO students_evaluations (id, student_id, evaluation_id, grade) VALUES (722, 10, 65, 3.0);
INSERT INTO students_evaluations (id, student_id, evaluation_id, grade) VALUES (723, 10, 66, 3.0);
INSERT INTO students_evaluations (id, student_id, evaluation_id, grade) VALUES (724, 10, 67, 3.0);
INSERT INTO students_evaluations (id, student_id, evaluation_id, grade) VALUES (725, 10, 68, 3.0);
INSERT INTO students_evaluations (id, student_id, evaluation_id, grade) VALUES (726, 10, 69, 3.0);
INSERT INTO students_evaluations (id, student_id, evaluation_id, grade) VALUES (727, 10, 70, 3.0);

INSERT INTO students_evaluations (id, student_id, evaluation_id, grade) VALUES (728, 10, 71, 3.0);
INSERT INTO students_evaluations (id, student_id, evaluation_id, grade) VALUES (729, 10, 72, 3.0);
INSERT INTO students_evaluations (id, student_id, evaluation_id, grade) VALUES (730, 10, 73, 3.0);
INSERT INTO students_evaluations (id, student_id, evaluation_id, grade) VALUES (731, 1, 79, 3.5);


INSERT INTO students_homeworks (id, student_id, homework_id, state_id) VALUES (1, 1, 1, 1);
INSERT INTO students_homeworks (id, student_id, homework_id, state_id) VALUES (2, 1, 2, 1);
INSERT INTO students_homeworks (id, student_id, homework_id, state_id) VALUES (3, 1, 3, 3);
INSERT INTO students_homeworks (id, student_id, homework_id, state_id) VALUES (4, 1, 4, 2);
INSERT INTO students_homeworks (id, student_id, homework_id, state_id) VALUES (5, 1, 5, 2);
INSERT INTO students_homeworks (id, student_id, homework_id, state_id) VALUES (6, 1, 6, 2);
INSERT INTO students_homeworks (id, student_id, homework_id, state_id) VALUES (7, 1, 7, 1);
INSERT INTO students_homeworks (id, student_id, homework_id, state_id) VALUES (8, 1, 8, 1);
INSERT INTO students_homeworks (id, student_id, homework_id, state_id) VALUES (9, 1, 9, 3);
INSERT INTO students_homeworks (id, student_id, homework_id, state_id) VALUES (10, 1, 10, 1);
INSERT INTO students_homeworks (id, student_id, homework_id, state_id) VALUES (11, 1, 11, 3);
INSERT INTO students_homeworks (id, student_id, homework_id, state_id) VALUES (12, 1, 12, 1);
INSERT INTO students_homeworks (id, student_id, homework_id, state_id) VALUES (13, 1, 13, 1);
INSERT INTO students_homeworks (id, student_id, homework_id, state_id) VALUES (14, 1, 14, 2);
INSERT INTO students_homeworks (id, student_id, homework_id, state_id) VALUES (15, 1, 15, 1);
INSERT INTO students_homeworks (id, student_id, homework_id, state_id) VALUES (16, 1, 16, 3);
INSERT INTO students_homeworks (id, student_id, homework_id, state_id) VALUES (17, 1, 17, 1);
INSERT INTO students_homeworks (id, student_id, homework_id, state_id) VALUES (18, 1, 18, 2);
INSERT INTO students_homeworks (id, student_id, homework_id, state_id) VALUES (19, 1, 19, 1);
INSERT INTO students_homeworks (id, student_id, homework_id, state_id) VALUES (20, 1, 20, 1);
INSERT INTO students_homeworks (id, student_id, homework_id, state_id) VALUES (21, 1, 21, 1);
INSERT INTO students_homeworks (id, student_id, homework_id, state_id) VALUES (22, 1, 22, 2);
INSERT INTO students_homeworks (id, student_id, homework_id, state_id) VALUES (23, 1, 23, 1);
INSERT INTO students_homeworks (id, student_id, homework_id, state_id) VALUES (24, 1, 24, 1);
INSERT INTO students_homeworks (id, student_id, homework_id, state_id) VALUES (25, 1, 25, 2);
INSERT INTO students_homeworks (id, student_id, homework_id, state_id) VALUES (26, 1, 26, 3);
INSERT INTO students_homeworks (id, student_id, homework_id, state_id) VALUES (27, 1, 27, 2);
INSERT INTO students_homeworks (id, student_id, homework_id, state_id) VALUES (28, 1, 28, 2);
INSERT INTO students_homeworks (id, student_id, homework_id, state_id) VALUES (29, 1, 29, 1);
INSERT INTO students_homeworks (id, student_id, homework_id, state_id) VALUES (30, 1, 30, 1);
INSERT INTO students_homeworks (id, student_id, homework_id, state_id) VALUES (31, 1, 31, 2);
INSERT INTO students_homeworks (id, student_id, homework_id, state_id) VALUES (32, 1, 32, 1);
INSERT INTO students_homeworks (id, student_id, homework_id, state_id) VALUES (33, 1, 33, 1);
INSERT INTO students_homeworks (id, student_id, homework_id, state_id) VALUES (34, 1, 34, 2);
INSERT INTO students_homeworks (id, student_id, homework_id, state_id) VALUES (35, 1, 35, 1);
INSERT INTO students_homeworks (id, student_id, homework_id, state_id) VALUES (36, 1, 36, 1);
INSERT INTO students_homeworks (id, student_id, homework_id, state_id) VALUES (37, 1, 37, 2);
INSERT INTO students_homeworks (id, student_id, homework_id, state_id) VALUES (38, 1, 38, 1);
INSERT INTO students_homeworks (id, student_id, homework_id, state_id) VALUES (39, 1, 39, 1);
INSERT INTO students_homeworks (id, student_id, homework_id, state_id) VALUES (40, 1, 40, 3);
INSERT INTO students_homeworks (id, student_id, homework_id, state_id) VALUES (41, 1, 41, 1);
INSERT INTO students_homeworks (id, student_id, homework_id, state_id) VALUES (42, 1, 42, 1);
INSERT INTO students_homeworks (id, student_id, homework_id, state_id) VALUES (43, 1, 43, 2);
INSERT INTO students_homeworks (id, student_id, homework_id, state_id) VALUES (44, 1, 44, 1);
INSERT INTO students_homeworks (id, student_id, homework_id, state_id) VALUES (45, 1, 45, 1);

INSERT INTO students_homeworks (id, student_id, homework_id, state_id) VALUES (46, 2, 1, 1);
INSERT INTO students_homeworks (id, student_id, homework_id, state_id) VALUES (47, 2, 2, 1);
INSERT INTO students_homeworks (id, student_id, homework_id, state_id) VALUES (48, 2, 3, 3);
INSERT INTO students_homeworks (id, student_id, homework_id, state_id) VALUES (49, 2, 4, 2);
INSERT INTO students_homeworks (id, student_id, homework_id, state_id) VALUES (50, 2, 5, 2);
INSERT INTO students_homeworks (id, student_id, homework_id, state_id) VALUES (51, 2, 6, 2);
INSERT INTO students_homeworks (id, student_id, homework_id, state_id) VALUES (52, 2, 7, 1);
INSERT INTO students_homeworks (id, student_id, homework_id, state_id) VALUES (53, 2, 8, 1);
INSERT INTO students_homeworks (id, student_id, homework_id, state_id) VALUES (54, 2, 9, 3);
INSERT INTO students_homeworks (id, student_id, homework_id, state_id) VALUES (55, 2, 10, 1);
INSERT INTO students_homeworks (id, student_id, homework_id, state_id) VALUES (56, 2, 11, 3);
INSERT INTO students_homeworks (id, student_id, homework_id, state_id) VALUES (57, 2, 12, 1);
INSERT INTO students_homeworks (id, student_id, homework_id, state_id) VALUES (58, 2, 13, 1);
INSERT INTO students_homeworks (id, student_id, homework_id, state_id) VALUES (59, 2, 14, 2);
INSERT INTO students_homeworks (id, student_id, homework_id, state_id) VALUES (60, 2, 15, 1);
INSERT INTO students_homeworks (id, student_id, homework_id, state_id) VALUES (61, 2, 16, 3);
INSERT INTO students_homeworks (id, student_id, homework_id, state_id) VALUES (62, 2, 17, 1);
INSERT INTO students_homeworks (id, student_id, homework_id, state_id) VALUES (63, 2, 18, 2);
INSERT INTO students_homeworks (id, student_id, homework_id, state_id) VALUES (64, 2, 19, 1);
INSERT INTO students_homeworks (id, student_id, homework_id, state_id) VALUES (65, 2, 20, 1);
INSERT INTO students_homeworks (id, student_id, homework_id, state_id) VALUES (66, 2, 21, 1);
INSERT INTO students_homeworks (id, student_id, homework_id, state_id) VALUES (67, 2, 22, 2);
INSERT INTO students_homeworks (id, student_id, homework_id, state_id) VALUES (68, 2, 23, 1);
INSERT INTO students_homeworks (id, student_id, homework_id, state_id) VALUES (69, 2, 24, 1);
INSERT INTO students_homeworks (id, student_id, homework_id, state_id) VALUES (70, 2, 25, 2);
INSERT INTO students_homeworks (id, student_id, homework_id, state_id) VALUES (71, 2, 26, 3);
INSERT INTO students_homeworks (id, student_id, homework_id, state_id) VALUES (72, 2, 27, 2);
INSERT INTO students_homeworks (id, student_id, homework_id, state_id) VALUES (73, 2, 28, 2);
INSERT INTO students_homeworks (id, student_id, homework_id, state_id) VALUES (74, 2, 29, 1);
INSERT INTO students_homeworks (id, student_id, homework_id, state_id) VALUES (75, 2, 30, 1);
INSERT INTO students_homeworks (id, student_id, homework_id, state_id) VALUES (76, 2, 31, 2);
INSERT INTO students_homeworks (id, student_id, homework_id, state_id) VALUES (77, 2, 32, 1);
INSERT INTO students_homeworks (id, student_id, homework_id, state_id) VALUES (78, 2, 33, 1);
INSERT INTO students_homeworks (id, student_id, homework_id, state_id) VALUES (79, 2, 34, 2);
INSERT INTO students_homeworks (id, student_id, homework_id, state_id) VALUES (80, 2, 35, 1);
INSERT INTO students_homeworks (id, student_id, homework_id, state_id) VALUES (81, 2, 36, 1);
INSERT INTO students_homeworks (id, student_id, homework_id, state_id) VALUES (82, 2, 37, 2);
INSERT INTO students_homeworks (id, student_id, homework_id, state_id) VALUES (83, 2, 38, 1);
INSERT INTO students_homeworks (id, student_id, homework_id, state_id) VALUES (84, 2, 39, 1);
INSERT INTO students_homeworks (id, student_id, homework_id, state_id) VALUES (85, 2, 40, 3);
INSERT INTO students_homeworks (id, student_id, homework_id, state_id) VALUES (86, 2, 41, 1);
INSERT INTO students_homeworks (id, student_id, homework_id, state_id) VALUES (87, 2, 42, 1);
INSERT INTO students_homeworks (id, student_id, homework_id, state_id) VALUES (88, 2, 43, 2);
INSERT INTO students_homeworks (id, student_id, homework_id, state_id) VALUES (89, 2, 44, 1);
INSERT INTO students_homeworks (id, student_id, homework_id, state_id) VALUES (90, 2, 45, 1);

INSERT INTO students_homeworks (id, student_id, homework_id, state_id) VALUES (91, 3, 1, 1);
INSERT INTO students_homeworks (id, student_id, homework_id, state_id) VALUES (92, 3, 2, 1);
INSERT INTO students_homeworks (id, student_id, homework_id, state_id) VALUES (93, 3, 3, 3);
INSERT INTO students_homeworks (id, student_id, homework_id, state_id) VALUES (94, 3, 4, 2);
INSERT INTO students_homeworks (id, student_id, homework_id, state_id) VALUES (95, 3, 5, 2);
INSERT INTO students_homeworks (id, student_id, homework_id, state_id) VALUES (96, 3, 6, 2);
INSERT INTO students_homeworks (id, student_id, homework_id, state_id) VALUES (97, 3, 7, 1);
INSERT INTO students_homeworks (id, student_id, homework_id, state_id) VALUES (98, 3, 8, 1);
INSERT INTO students_homeworks (id, student_id, homework_id, state_id) VALUES (99, 3, 9, 3);
INSERT INTO students_homeworks (id, student_id, homework_id, state_id) VALUES (100, 3, 10, 1);
INSERT INTO students_homeworks (id, student_id, homework_id, state_id) VALUES (101, 3, 11, 3);
INSERT INTO students_homeworks (id, student_id, homework_id, state_id) VALUES (102, 3, 12, 1);
INSERT INTO students_homeworks (id, student_id, homework_id, state_id) VALUES (103, 3, 13, 1);
INSERT INTO students_homeworks (id, student_id, homework_id, state_id) VALUES (104, 3, 14, 2);
INSERT INTO students_homeworks (id, student_id, homework_id, state_id) VALUES (105, 3, 15, 1);
INSERT INTO students_homeworks (id, student_id, homework_id, state_id) VALUES (106, 3, 16, 3);
INSERT INTO students_homeworks (id, student_id, homework_id, state_id) VALUES (107, 3, 17, 1);
INSERT INTO students_homeworks (id, student_id, homework_id, state_id) VALUES (108, 3, 18, 2);
INSERT INTO students_homeworks (id, student_id, homework_id, state_id) VALUES (109, 3, 19, 1);
INSERT INTO students_homeworks (id, student_id, homework_id, state_id) VALUES (110, 3, 20, 1);
INSERT INTO students_homeworks (id, student_id, homework_id, state_id) VALUES (111, 3, 21, 1);
INSERT INTO students_homeworks (id, student_id, homework_id, state_id) VALUES (112, 3, 22, 2);
INSERT INTO students_homeworks (id, student_id, homework_id, state_id) VALUES (113, 3, 23, 1);
INSERT INTO students_homeworks (id, student_id, homework_id, state_id) VALUES (114, 3, 24, 1);
INSERT INTO students_homeworks (id, student_id, homework_id, state_id) VALUES (115, 3, 25, 2);
INSERT INTO students_homeworks (id, student_id, homework_id, state_id) VALUES (116, 3, 26, 3);
INSERT INTO students_homeworks (id, student_id, homework_id, state_id) VALUES (117, 3, 27, 2);
INSERT INTO students_homeworks (id, student_id, homework_id, state_id) VALUES (118, 3, 28, 2);
INSERT INTO students_homeworks (id, student_id, homework_id, state_id) VALUES (119, 3, 29, 1);
INSERT INTO students_homeworks (id, student_id, homework_id, state_id) VALUES (120, 3, 30, 1);
INSERT INTO students_homeworks (id, student_id, homework_id, state_id) VALUES (121, 3, 31, 2);
INSERT INTO students_homeworks (id, student_id, homework_id, state_id) VALUES (122, 3, 32, 1);
INSERT INTO students_homeworks (id, student_id, homework_id, state_id) VALUES (123, 3, 33, 1);
INSERT INTO students_homeworks (id, student_id, homework_id, state_id) VALUES (124, 3, 34, 2);
INSERT INTO students_homeworks (id, student_id, homework_id, state_id) VALUES (125, 3, 35, 1);
INSERT INTO students_homeworks (id, student_id, homework_id, state_id) VALUES (126, 3, 36, 1);
INSERT INTO students_homeworks (id, student_id, homework_id, state_id) VALUES (127, 3, 37, 2);
INSERT INTO students_homeworks (id, student_id, homework_id, state_id) VALUES (128, 3, 38, 1);
INSERT INTO students_homeworks (id, student_id, homework_id, state_id) VALUES (129, 3, 39, 1);
INSERT INTO students_homeworks (id, student_id, homework_id, state_id) VALUES (130, 3, 40, 3);
INSERT INTO students_homeworks (id, student_id, homework_id, state_id) VALUES (131, 3, 41, 1);
INSERT INTO students_homeworks (id, student_id, homework_id, state_id) VALUES (132, 3, 42, 1);
INSERT INTO students_homeworks (id, student_id, homework_id, state_id) VALUES (133, 3, 43, 2);
INSERT INTO students_homeworks (id, student_id, homework_id, state_id) VALUES (134, 3, 44, 1);
INSERT INTO students_homeworks (id, student_id, homework_id, state_id) VALUES (135, 3, 45, 1);

INSERT INTO students_homeworks (id, student_id, homework_id, state_id) VALUES (136, 4, 1, 1);
INSERT INTO students_homeworks (id, student_id, homework_id, state_id) VALUES (137, 4, 2, 1);
INSERT INTO students_homeworks (id, student_id, homework_id, state_id) VALUES (138, 4, 3, 3);
INSERT INTO students_homeworks (id, student_id, homework_id, state_id) VALUES (139, 4, 4, 2);
INSERT INTO students_homeworks (id, student_id, homework_id, state_id) VALUES (140, 4, 5, 2);
INSERT INTO students_homeworks (id, student_id, homework_id, state_id) VALUES (141, 4, 6, 2);
INSERT INTO students_homeworks (id, student_id, homework_id, state_id) VALUES (142, 4, 7, 1);
INSERT INTO students_homeworks (id, student_id, homework_id, state_id) VALUES (143, 4, 8, 1);
INSERT INTO students_homeworks (id, student_id, homework_id, state_id) VALUES (144, 4, 9, 3);
INSERT INTO students_homeworks (id, student_id, homework_id, state_id) VALUES (145, 4, 10, 1);
INSERT INTO students_homeworks (id, student_id, homework_id, state_id) VALUES (146, 4, 11, 3);
INSERT INTO students_homeworks (id, student_id, homework_id, state_id) VALUES (147, 4, 12, 1);
INSERT INTO students_homeworks (id, student_id, homework_id, state_id) VALUES (148, 4, 13, 1);
INSERT INTO students_homeworks (id, student_id, homework_id, state_id) VALUES (149, 4, 14, 2);
INSERT INTO students_homeworks (id, student_id, homework_id, state_id) VALUES (150, 4, 15, 1);
INSERT INTO students_homeworks (id, student_id, homework_id, state_id) VALUES (151, 4, 16, 3);
INSERT INTO students_homeworks (id, student_id, homework_id, state_id) VALUES (152, 4, 17, 1);
INSERT INTO students_homeworks (id, student_id, homework_id, state_id) VALUES (153, 4, 18, 2);
INSERT INTO students_homeworks (id, student_id, homework_id, state_id) VALUES (154, 4, 19, 1);
INSERT INTO students_homeworks (id, student_id, homework_id, state_id) VALUES (155, 4, 20, 1);
INSERT INTO students_homeworks (id, student_id, homework_id, state_id) VALUES (156, 4, 21, 1);
INSERT INTO students_homeworks (id, student_id, homework_id, state_id) VALUES (157, 4, 22, 2);
INSERT INTO students_homeworks (id, student_id, homework_id, state_id) VALUES (158, 4, 23, 1);
INSERT INTO students_homeworks (id, student_id, homework_id, state_id) VALUES (159, 4, 24, 1);
INSERT INTO students_homeworks (id, student_id, homework_id, state_id) VALUES (160, 4, 25, 2);
INSERT INTO students_homeworks (id, student_id, homework_id, state_id) VALUES (161, 4, 26, 3);
INSERT INTO students_homeworks (id, student_id, homework_id, state_id) VALUES (162, 4, 27, 2);
INSERT INTO students_homeworks (id, student_id, homework_id, state_id) VALUES (163, 4, 28, 2);
INSERT INTO students_homeworks (id, student_id, homework_id, state_id) VALUES (164, 4, 29, 1);
INSERT INTO students_homeworks (id, student_id, homework_id, state_id) VALUES (165, 4, 30, 1);
INSERT INTO students_homeworks (id, student_id, homework_id, state_id) VALUES (166, 4, 31, 2);
INSERT INTO students_homeworks (id, student_id, homework_id, state_id) VALUES (167, 4, 32, 1);
INSERT INTO students_homeworks (id, student_id, homework_id, state_id) VALUES (168, 4, 33, 1);
INSERT INTO students_homeworks (id, student_id, homework_id, state_id) VALUES (169, 4, 34, 2);
INSERT INTO students_homeworks (id, student_id, homework_id, state_id) VALUES (170, 4, 35, 1);
INSERT INTO students_homeworks (id, student_id, homework_id, state_id) VALUES (171, 4, 36, 1);
INSERT INTO students_homeworks (id, student_id, homework_id, state_id) VALUES (172, 4, 37, 2);
INSERT INTO students_homeworks (id, student_id, homework_id, state_id) VALUES (173, 4, 38, 1);
INSERT INTO students_homeworks (id, student_id, homework_id, state_id) VALUES (174, 4, 39, 1);
INSERT INTO students_homeworks (id, student_id, homework_id, state_id) VALUES (175, 4, 40, 3);
INSERT INTO students_homeworks (id, student_id, homework_id, state_id) VALUES (176, 4, 41, 1);
INSERT INTO students_homeworks (id, student_id, homework_id, state_id) VALUES (177, 4, 42, 1);
INSERT INTO students_homeworks (id, student_id, homework_id, state_id) VALUES (178, 4, 43, 2);
INSERT INTO students_homeworks (id, student_id, homework_id, state_id) VALUES (179, 4, 44, 1);
INSERT INTO students_homeworks (id, student_id, homework_id, state_id) VALUES (180, 4, 45, 1);

INSERT INTO students_homeworks (id, student_id, homework_id, state_id) VALUES (181, 5, 1, 1);
INSERT INTO students_homeworks (id, student_id, homework_id, state_id) VALUES (182, 5, 2, 1);
INSERT INTO students_homeworks (id, student_id, homework_id, state_id) VALUES (183, 5, 3, 3);
INSERT INTO students_homeworks (id, student_id, homework_id, state_id) VALUES (184, 5, 4, 2);
INSERT INTO students_homeworks (id, student_id, homework_id, state_id) VALUES (185, 5, 5, 2);
INSERT INTO students_homeworks (id, student_id, homework_id, state_id) VALUES (186, 5, 6, 2);
INSERT INTO students_homeworks (id, student_id, homework_id, state_id) VALUES (187, 5, 7, 1);
INSERT INTO students_homeworks (id, student_id, homework_id, state_id) VALUES (188, 5, 8, 1);
INSERT INTO students_homeworks (id, student_id, homework_id, state_id) VALUES (189, 5, 9, 3);
INSERT INTO students_homeworks (id, student_id, homework_id, state_id) VALUES (190, 5, 10, 1);
INSERT INTO students_homeworks (id, student_id, homework_id, state_id) VALUES (191, 5, 11, 3);
INSERT INTO students_homeworks (id, student_id, homework_id, state_id) VALUES (192, 5, 12, 1);
INSERT INTO students_homeworks (id, student_id, homework_id, state_id) VALUES (193, 5, 13, 1);
INSERT INTO students_homeworks (id, student_id, homework_id, state_id) VALUES (194, 5, 14, 2);
INSERT INTO students_homeworks (id, student_id, homework_id, state_id) VALUES (195, 5, 15, 1);
INSERT INTO students_homeworks (id, student_id, homework_id, state_id) VALUES (196, 5, 16, 3);
INSERT INTO students_homeworks (id, student_id, homework_id, state_id) VALUES (197, 5, 17, 1);
INSERT INTO students_homeworks (id, student_id, homework_id, state_id) VALUES (198, 5, 18, 2);
INSERT INTO students_homeworks (id, student_id, homework_id, state_id) VALUES (199, 5, 19, 1);
INSERT INTO students_homeworks (id, student_id, homework_id, state_id) VALUES (200, 5, 20, 1);
INSERT INTO students_homeworks (id, student_id, homework_id, state_id) VALUES (201, 5, 21, 1);
INSERT INTO students_homeworks (id, student_id, homework_id, state_id) VALUES (202, 5, 22, 2);
INSERT INTO students_homeworks (id, student_id, homework_id, state_id) VALUES (203, 5, 23, 1);
INSERT INTO students_homeworks (id, student_id, homework_id, state_id) VALUES (204, 5, 24, 1);
INSERT INTO students_homeworks (id, student_id, homework_id, state_id) VALUES (205, 5, 25, 2);
INSERT INTO students_homeworks (id, student_id, homework_id, state_id) VALUES (206, 5, 26, 3);
INSERT INTO students_homeworks (id, student_id, homework_id, state_id) VALUES (207, 5, 27, 2);
INSERT INTO students_homeworks (id, student_id, homework_id, state_id) VALUES (208, 5, 28, 2);
INSERT INTO students_homeworks (id, student_id, homework_id, state_id) VALUES (209, 5, 29, 1);
INSERT INTO students_homeworks (id, student_id, homework_id, state_id) VALUES (210, 5, 30, 1);
INSERT INTO students_homeworks (id, student_id, homework_id, state_id) VALUES (211, 5, 31, 2);
INSERT INTO students_homeworks (id, student_id, homework_id, state_id) VALUES (212, 5, 32, 1);
INSERT INTO students_homeworks (id, student_id, homework_id, state_id) VALUES (213, 5, 33, 1);
INSERT INTO students_homeworks (id, student_id, homework_id, state_id) VALUES (214, 5, 34, 2);
INSERT INTO students_homeworks (id, student_id, homework_id, state_id) VALUES (215, 5, 35, 1);
INSERT INTO students_homeworks (id, student_id, homework_id, state_id) VALUES (216, 5, 36, 1);
INSERT INTO students_homeworks (id, student_id, homework_id, state_id) VALUES (217, 5, 37, 2);
INSERT INTO students_homeworks (id, student_id, homework_id, state_id) VALUES (218, 5, 38, 1);
INSERT INTO students_homeworks (id, student_id, homework_id, state_id) VALUES (219, 5, 39, 1);
INSERT INTO students_homeworks (id, student_id, homework_id, state_id) VALUES (220, 5, 40, 3);
INSERT INTO students_homeworks (id, student_id, homework_id, state_id) VALUES (221, 5, 41, 1);
INSERT INTO students_homeworks (id, student_id, homework_id, state_id) VALUES (222, 5, 42, 1);
INSERT INTO students_homeworks (id, student_id, homework_id, state_id) VALUES (223, 5, 43, 2);
INSERT INTO students_homeworks (id, student_id, homework_id, state_id) VALUES (224, 5, 44, 1);
INSERT INTO students_homeworks (id, student_id, homework_id, state_id) VALUES (225, 5, 45, 1);

INSERT INTO students_homeworks (id, student_id, homework_id, state_id) VALUES (226, 6, 1, 1);
INSERT INTO students_homeworks (id, student_id, homework_id, state_id) VALUES (227, 6, 2, 1);
INSERT INTO students_homeworks (id, student_id, homework_id, state_id) VALUES (228, 6, 3, 3);
INSERT INTO students_homeworks (id, student_id, homework_id, state_id) VALUES (229, 6, 4, 2);
INSERT INTO students_homeworks (id, student_id, homework_id, state_id) VALUES (230, 6, 5, 2);
INSERT INTO students_homeworks (id, student_id, homework_id, state_id) VALUES (231, 6, 6, 2);
INSERT INTO students_homeworks (id, student_id, homework_id, state_id) VALUES (232, 6, 7, 1);
INSERT INTO students_homeworks (id, student_id, homework_id, state_id) VALUES (233, 6, 8, 1);
INSERT INTO students_homeworks (id, student_id, homework_id, state_id) VALUES (234, 6, 9, 3);
INSERT INTO students_homeworks (id, student_id, homework_id, state_id) VALUES (235, 6, 10, 1);
INSERT INTO students_homeworks (id, student_id, homework_id, state_id) VALUES (236, 6, 11, 3);
INSERT INTO students_homeworks (id, student_id, homework_id, state_id) VALUES (237, 6, 12, 1);
INSERT INTO students_homeworks (id, student_id, homework_id, state_id) VALUES (238, 6, 13, 1);
INSERT INTO students_homeworks (id, student_id, homework_id, state_id) VALUES (239, 6, 14, 2);
INSERT INTO students_homeworks (id, student_id, homework_id, state_id) VALUES (240, 6, 15, 1);
INSERT INTO students_homeworks (id, student_id, homework_id, state_id) VALUES (241, 6, 16, 3);
INSERT INTO students_homeworks (id, student_id, homework_id, state_id) VALUES (242, 6, 17, 1);
INSERT INTO students_homeworks (id, student_id, homework_id, state_id) VALUES (243, 6, 18, 2);
INSERT INTO students_homeworks (id, student_id, homework_id, state_id) VALUES (244, 6, 19, 1);
INSERT INTO students_homeworks (id, student_id, homework_id, state_id) VALUES (245, 6, 20, 1);
INSERT INTO students_homeworks (id, student_id, homework_id, state_id) VALUES (246, 6, 21, 1);
INSERT INTO students_homeworks (id, student_id, homework_id, state_id) VALUES (247, 6, 22, 2);
INSERT INTO students_homeworks (id, student_id, homework_id, state_id) VALUES (248, 6, 23, 1);
INSERT INTO students_homeworks (id, student_id, homework_id, state_id) VALUES (249, 6, 24, 1);
INSERT INTO students_homeworks (id, student_id, homework_id, state_id) VALUES (250, 6, 25, 2);
INSERT INTO students_homeworks (id, student_id, homework_id, state_id) VALUES (251, 6, 26, 3);
INSERT INTO students_homeworks (id, student_id, homework_id, state_id) VALUES (252, 6, 27, 2);
INSERT INTO students_homeworks (id, student_id, homework_id, state_id) VALUES (253, 6, 28, 2);
INSERT INTO students_homeworks (id, student_id, homework_id, state_id) VALUES (254, 6, 29, 1);
INSERT INTO students_homeworks (id, student_id, homework_id, state_id) VALUES (255, 6, 30, 1);
INSERT INTO students_homeworks (id, student_id, homework_id, state_id) VALUES (256, 6, 31, 2);
INSERT INTO students_homeworks (id, student_id, homework_id, state_id) VALUES (257, 6, 32, 1);
INSERT INTO students_homeworks (id, student_id, homework_id, state_id) VALUES (258, 6, 33, 1);
INSERT INTO students_homeworks (id, student_id, homework_id, state_id) VALUES (259, 6, 34, 2);
INSERT INTO students_homeworks (id, student_id, homework_id, state_id) VALUES (260, 6, 35, 1);
INSERT INTO students_homeworks (id, student_id, homework_id, state_id) VALUES (261, 6, 36, 1);
INSERT INTO students_homeworks (id, student_id, homework_id, state_id) VALUES (262, 6, 37, 2);
INSERT INTO students_homeworks (id, student_id, homework_id, state_id) VALUES (263, 6, 38, 1);
INSERT INTO students_homeworks (id, student_id, homework_id, state_id) VALUES (264, 6, 39, 1);
INSERT INTO students_homeworks (id, student_id, homework_id, state_id) VALUES (265, 6, 40, 3);
INSERT INTO students_homeworks (id, student_id, homework_id, state_id) VALUES (266, 6, 41, 1);
INSERT INTO students_homeworks (id, student_id, homework_id, state_id) VALUES (267, 6, 42, 1);
INSERT INTO students_homeworks (id, student_id, homework_id, state_id) VALUES (268, 6, 43, 2);
INSERT INTO students_homeworks (id, student_id, homework_id, state_id) VALUES (269, 6, 44, 1);
INSERT INTO students_homeworks (id, student_id, homework_id, state_id) VALUES (270, 6, 45, 1);

INSERT INTO students_homeworks (id, student_id, homework_id, state_id) VALUES (271, 7, 1, 1);
INSERT INTO students_homeworks (id, student_id, homework_id, state_id) VALUES (272, 7, 2, 1);
INSERT INTO students_homeworks (id, student_id, homework_id, state_id) VALUES (273, 7, 3, 3);
INSERT INTO students_homeworks (id, student_id, homework_id, state_id) VALUES (274, 7, 4, 2);
INSERT INTO students_homeworks (id, student_id, homework_id, state_id) VALUES (275, 7, 5, 2);
INSERT INTO students_homeworks (id, student_id, homework_id, state_id) VALUES (276, 7, 6, 2);
INSERT INTO students_homeworks (id, student_id, homework_id, state_id) VALUES (277, 7, 7, 1);
INSERT INTO students_homeworks (id, student_id, homework_id, state_id) VALUES (278, 7, 8, 1);
INSERT INTO students_homeworks (id, student_id, homework_id, state_id) VALUES (279, 7, 9, 3);
INSERT INTO students_homeworks (id, student_id, homework_id, state_id) VALUES (280, 7, 10, 1);
INSERT INTO students_homeworks (id, student_id, homework_id, state_id) VALUES (281, 7, 11, 3);
INSERT INTO students_homeworks (id, student_id, homework_id, state_id) VALUES (282, 7, 12, 1);
INSERT INTO students_homeworks (id, student_id, homework_id, state_id) VALUES (283, 7, 13, 1);
INSERT INTO students_homeworks (id, student_id, homework_id, state_id) VALUES (284, 7, 14, 2);
INSERT INTO students_homeworks (id, student_id, homework_id, state_id) VALUES (285, 7, 15, 1);
INSERT INTO students_homeworks (id, student_id, homework_id, state_id) VALUES (286, 7, 16, 3);
INSERT INTO students_homeworks (id, student_id, homework_id, state_id) VALUES (287, 7, 17, 1);
INSERT INTO students_homeworks (id, student_id, homework_id, state_id) VALUES (288, 7, 18, 2);
INSERT INTO students_homeworks (id, student_id, homework_id, state_id) VALUES (289, 7, 19, 1);
INSERT INTO students_homeworks (id, student_id, homework_id, state_id) VALUES (290, 7, 20, 1);
INSERT INTO students_homeworks (id, student_id, homework_id, state_id) VALUES (291, 7, 21, 1);
INSERT INTO students_homeworks (id, student_id, homework_id, state_id) VALUES (292, 7, 22, 2);
INSERT INTO students_homeworks (id, student_id, homework_id, state_id) VALUES (293, 7, 23, 1);
INSERT INTO students_homeworks (id, student_id, homework_id, state_id) VALUES (294, 7, 24, 1);
INSERT INTO students_homeworks (id, student_id, homework_id, state_id) VALUES (295, 7, 25, 2);
INSERT INTO students_homeworks (id, student_id, homework_id, state_id) VALUES (296, 7, 26, 3);
INSERT INTO students_homeworks (id, student_id, homework_id, state_id) VALUES (297, 7, 27, 2);
INSERT INTO students_homeworks (id, student_id, homework_id, state_id) VALUES (298, 7, 28, 2);
INSERT INTO students_homeworks (id, student_id, homework_id, state_id) VALUES (299, 7, 29, 1);
INSERT INTO students_homeworks (id, student_id, homework_id, state_id) VALUES (300, 7, 30, 1);
INSERT INTO students_homeworks (id, student_id, homework_id, state_id) VALUES (301, 7, 31, 2);
INSERT INTO students_homeworks (id, student_id, homework_id, state_id) VALUES (302, 7, 32, 1);
INSERT INTO students_homeworks (id, student_id, homework_id, state_id) VALUES (303, 7, 33, 1);
INSERT INTO students_homeworks (id, student_id, homework_id, state_id) VALUES (304, 7, 34, 2);
INSERT INTO students_homeworks (id, student_id, homework_id, state_id) VALUES (305, 7, 35, 1);
INSERT INTO students_homeworks (id, student_id, homework_id, state_id) VALUES (306, 7, 36, 1);
INSERT INTO students_homeworks (id, student_id, homework_id, state_id) VALUES (307, 7, 37, 2);
INSERT INTO students_homeworks (id, student_id, homework_id, state_id) VALUES (308, 7, 38, 1);
INSERT INTO students_homeworks (id, student_id, homework_id, state_id) VALUES (309, 7, 39, 1);
INSERT INTO students_homeworks (id, student_id, homework_id, state_id) VALUES (310, 7, 40, 3);
INSERT INTO students_homeworks (id, student_id, homework_id, state_id) VALUES (311, 7, 41, 1);
INSERT INTO students_homeworks (id, student_id, homework_id, state_id) VALUES (312, 7, 42, 1);
INSERT INTO students_homeworks (id, student_id, homework_id, state_id) VALUES (313, 7, 43, 2);
INSERT INTO students_homeworks (id, student_id, homework_id, state_id) VALUES (314, 7, 44, 1);
INSERT INTO students_homeworks (id, student_id, homework_id, state_id) VALUES (315, 7, 45, 1);

INSERT INTO students_homeworks (id, student_id, homework_id, state_id) VALUES (316, 8, 1, 1);
INSERT INTO students_homeworks (id, student_id, homework_id, state_id) VALUES (317, 8, 2, 1);
INSERT INTO students_homeworks (id, student_id, homework_id, state_id) VALUES (318, 8, 3, 3);
INSERT INTO students_homeworks (id, student_id, homework_id, state_id) VALUES (319, 8, 4, 2);
INSERT INTO students_homeworks (id, student_id, homework_id, state_id) VALUES (320, 8, 5, 2);
INSERT INTO students_homeworks (id, student_id, homework_id, state_id) VALUES (321, 8, 6, 2);
INSERT INTO students_homeworks (id, student_id, homework_id, state_id) VALUES (322, 8, 7, 1);
INSERT INTO students_homeworks (id, student_id, homework_id, state_id) VALUES (323, 8, 8, 1);
INSERT INTO students_homeworks (id, student_id, homework_id, state_id) VALUES (324, 8, 9, 3);
INSERT INTO students_homeworks (id, student_id, homework_id, state_id) VALUES (325, 8, 10, 1);
INSERT INTO students_homeworks (id, student_id, homework_id, state_id) VALUES (326, 8, 11, 3);
INSERT INTO students_homeworks (id, student_id, homework_id, state_id) VALUES (327, 8, 12, 1);
INSERT INTO students_homeworks (id, student_id, homework_id, state_id) VALUES (328, 8, 13, 1);
INSERT INTO students_homeworks (id, student_id, homework_id, state_id) VALUES (329, 8, 14, 2);
INSERT INTO students_homeworks (id, student_id, homework_id, state_id) VALUES (330, 8, 15, 1);
INSERT INTO students_homeworks (id, student_id, homework_id, state_id) VALUES (331, 8, 16, 3);
INSERT INTO students_homeworks (id, student_id, homework_id, state_id) VALUES (332, 8, 17, 1);
INSERT INTO students_homeworks (id, student_id, homework_id, state_id) VALUES (333, 8, 18, 2);
INSERT INTO students_homeworks (id, student_id, homework_id, state_id) VALUES (334, 8, 19, 1);
INSERT INTO students_homeworks (id, student_id, homework_id, state_id) VALUES (335, 8, 20, 1);
INSERT INTO students_homeworks (id, student_id, homework_id, state_id) VALUES (336, 8, 21, 1);
INSERT INTO students_homeworks (id, student_id, homework_id, state_id) VALUES (337, 8, 22, 2);
INSERT INTO students_homeworks (id, student_id, homework_id, state_id) VALUES (338, 8, 23, 1);
INSERT INTO students_homeworks (id, student_id, homework_id, state_id) VALUES (339, 8, 24, 1);
INSERT INTO students_homeworks (id, student_id, homework_id, state_id) VALUES (340, 8, 25, 2);
INSERT INTO students_homeworks (id, student_id, homework_id, state_id) VALUES (341, 8, 26, 3);
INSERT INTO students_homeworks (id, student_id, homework_id, state_id) VALUES (342, 8, 27, 2);
INSERT INTO students_homeworks (id, student_id, homework_id, state_id) VALUES (343, 8, 28, 2);
INSERT INTO students_homeworks (id, student_id, homework_id, state_id) VALUES (344, 8, 29, 1);
INSERT INTO students_homeworks (id, student_id, homework_id, state_id) VALUES (345, 8, 30, 1);
INSERT INTO students_homeworks (id, student_id, homework_id, state_id) VALUES (346, 8, 31, 2);
INSERT INTO students_homeworks (id, student_id, homework_id, state_id) VALUES (347, 8, 32, 1);
INSERT INTO students_homeworks (id, student_id, homework_id, state_id) VALUES (348, 8, 33, 1);
INSERT INTO students_homeworks (id, student_id, homework_id, state_id) VALUES (349, 8, 34, 2);
INSERT INTO students_homeworks (id, student_id, homework_id, state_id) VALUES (350, 8, 35, 1);
INSERT INTO students_homeworks (id, student_id, homework_id, state_id) VALUES (351, 8, 36, 1);
INSERT INTO students_homeworks (id, student_id, homework_id, state_id) VALUES (352, 8, 37, 2);
INSERT INTO students_homeworks (id, student_id, homework_id, state_id) VALUES (353, 8, 38, 1);
INSERT INTO students_homeworks (id, student_id, homework_id, state_id) VALUES (354, 8, 39, 1);
INSERT INTO students_homeworks (id, student_id, homework_id, state_id) VALUES (355, 8, 40, 3);
INSERT INTO students_homeworks (id, student_id, homework_id, state_id) VALUES (356, 8, 41, 1);
INSERT INTO students_homeworks (id, student_id, homework_id, state_id) VALUES (357, 8, 42, 1);
INSERT INTO students_homeworks (id, student_id, homework_id, state_id) VALUES (358, 8, 43, 2);
INSERT INTO students_homeworks (id, student_id, homework_id, state_id) VALUES (359, 8, 44, 1);
INSERT INTO students_homeworks (id, student_id, homework_id, state_id) VALUES (360, 8, 45, 1);

INSERT INTO students_homeworks (id, student_id, homework_id, state_id) VALUES (361, 9, 1, 1);
INSERT INTO students_homeworks (id, student_id, homework_id, state_id) VALUES (362, 9, 2, 1);
INSERT INTO students_homeworks (id, student_id, homework_id, state_id) VALUES (363, 9, 3, 3);
INSERT INTO students_homeworks (id, student_id, homework_id, state_id) VALUES (364, 9, 4, 2);
INSERT INTO students_homeworks (id, student_id, homework_id, state_id) VALUES (365, 9, 5, 2);
INSERT INTO students_homeworks (id, student_id, homework_id, state_id) VALUES (366, 9, 6, 2);
INSERT INTO students_homeworks (id, student_id, homework_id, state_id) VALUES (367, 9, 7, 1);
INSERT INTO students_homeworks (id, student_id, homework_id, state_id) VALUES (368, 9, 8, 1);
INSERT INTO students_homeworks (id, student_id, homework_id, state_id) VALUES (369, 9, 9, 3);
INSERT INTO students_homeworks (id, student_id, homework_id, state_id) VALUES (370, 9, 10, 1);
INSERT INTO students_homeworks (id, student_id, homework_id, state_id) VALUES (371, 9, 11, 3);
INSERT INTO students_homeworks (id, student_id, homework_id, state_id) VALUES (372, 9, 12, 1);
INSERT INTO students_homeworks (id, student_id, homework_id, state_id) VALUES (373, 9, 13, 1);
INSERT INTO students_homeworks (id, student_id, homework_id, state_id) VALUES (374, 9, 14, 2);
INSERT INTO students_homeworks (id, student_id, homework_id, state_id) VALUES (375, 9, 15, 1);
INSERT INTO students_homeworks (id, student_id, homework_id, state_id) VALUES (376, 9, 16, 3);
INSERT INTO students_homeworks (id, student_id, homework_id, state_id) VALUES (377, 9, 17, 1);
INSERT INTO students_homeworks (id, student_id, homework_id, state_id) VALUES (378, 9, 18, 2);
INSERT INTO students_homeworks (id, student_id, homework_id, state_id) VALUES (379, 9, 19, 1);
INSERT INTO students_homeworks (id, student_id, homework_id, state_id) VALUES (380, 9, 20, 1);
INSERT INTO students_homeworks (id, student_id, homework_id, state_id) VALUES (381, 9, 21, 1);
INSERT INTO students_homeworks (id, student_id, homework_id, state_id) VALUES (382, 9, 22, 2);
INSERT INTO students_homeworks (id, student_id, homework_id, state_id) VALUES (383, 9, 23, 1);
INSERT INTO students_homeworks (id, student_id, homework_id, state_id) VALUES (384, 9, 24, 1);
INSERT INTO students_homeworks (id, student_id, homework_id, state_id) VALUES (385, 9, 25, 2);
INSERT INTO students_homeworks (id, student_id, homework_id, state_id) VALUES (386, 9, 26, 3);
INSERT INTO students_homeworks (id, student_id, homework_id, state_id) VALUES (387, 9, 27, 2);
INSERT INTO students_homeworks (id, student_id, homework_id, state_id) VALUES (388, 9, 28, 2);
INSERT INTO students_homeworks (id, student_id, homework_id, state_id) VALUES (389, 9, 29, 1);
INSERT INTO students_homeworks (id, student_id, homework_id, state_id) VALUES (390, 9, 30, 1);
INSERT INTO students_homeworks (id, student_id, homework_id, state_id) VALUES (391, 9, 31, 2);
INSERT INTO students_homeworks (id, student_id, homework_id, state_id) VALUES (392, 9, 32, 1);
INSERT INTO students_homeworks (id, student_id, homework_id, state_id) VALUES (393, 9, 33, 1);
INSERT INTO students_homeworks (id, student_id, homework_id, state_id) VALUES (394, 9, 34, 2);
INSERT INTO students_homeworks (id, student_id, homework_id, state_id) VALUES (395, 9, 35, 1);
INSERT INTO students_homeworks (id, student_id, homework_id, state_id) VALUES (396, 9, 36, 1);
INSERT INTO students_homeworks (id, student_id, homework_id, state_id) VALUES (397, 9, 37, 2);
INSERT INTO students_homeworks (id, student_id, homework_id, state_id) VALUES (398, 9, 38, 1);
INSERT INTO students_homeworks (id, student_id, homework_id, state_id) VALUES (399, 9, 39, 1);
INSERT INTO students_homeworks (id, student_id, homework_id, state_id) VALUES (400, 9, 40, 3);
INSERT INTO students_homeworks (id, student_id, homework_id, state_id) VALUES (401, 9, 41, 1);
INSERT INTO students_homeworks (id, student_id, homework_id, state_id) VALUES (402, 9, 42, 1);
INSERT INTO students_homeworks (id, student_id, homework_id, state_id) VALUES (403, 9, 43, 2);
INSERT INTO students_homeworks (id, student_id, homework_id, state_id) VALUES (404, 9, 44, 1);
INSERT INTO students_homeworks (id, student_id, homework_id, state_id) VALUES (405, 9, 45, 1);

INSERT INTO students_homeworks (id, student_id, homework_id, state_id) VALUES (406, 10, 1, 1);
INSERT INTO students_homeworks (id, student_id, homework_id, state_id) VALUES (407, 10, 2, 1);
INSERT INTO students_homeworks (id, student_id, homework_id, state_id) VALUES (408, 10, 3, 3);
INSERT INTO students_homeworks (id, student_id, homework_id, state_id) VALUES (409, 10, 4, 2);
INSERT INTO students_homeworks (id, student_id, homework_id, state_id) VALUES (410, 10, 5, 2);
INSERT INTO students_homeworks (id, student_id, homework_id, state_id) VALUES (411, 10, 6, 2);
INSERT INTO students_homeworks (id, student_id, homework_id, state_id) VALUES (412, 10, 7, 1);
INSERT INTO students_homeworks (id, student_id, homework_id, state_id) VALUES (413, 10, 8, 1);
INSERT INTO students_homeworks (id, student_id, homework_id, state_id) VALUES (414, 10, 9, 3);
INSERT INTO students_homeworks (id, student_id, homework_id, state_id) VALUES (415, 10, 10, 1);
INSERT INTO students_homeworks (id, student_id, homework_id, state_id) VALUES (416, 10, 11, 3);
INSERT INTO students_homeworks (id, student_id, homework_id, state_id) VALUES (417, 10, 12, 1);
INSERT INTO students_homeworks (id, student_id, homework_id, state_id) VALUES (418, 10, 13, 1);
INSERT INTO students_homeworks (id, student_id, homework_id, state_id) VALUES (419, 10, 14, 2);
INSERT INTO students_homeworks (id, student_id, homework_id, state_id) VALUES (420, 10, 15, 1);
INSERT INTO students_homeworks (id, student_id, homework_id, state_id) VALUES (421, 10, 16, 3);
INSERT INTO students_homeworks (id, student_id, homework_id, state_id) VALUES (422, 10, 17, 1);
INSERT INTO students_homeworks (id, student_id, homework_id, state_id) VALUES (423, 10, 18, 2);
INSERT INTO students_homeworks (id, student_id, homework_id, state_id) VALUES (424, 10, 19, 1);
INSERT INTO students_homeworks (id, student_id, homework_id, state_id) VALUES (425, 10, 20, 1);
INSERT INTO students_homeworks (id, student_id, homework_id, state_id) VALUES (426, 10, 21, 1);
INSERT INTO students_homeworks (id, student_id, homework_id, state_id) VALUES (427, 10, 22, 2);
INSERT INTO students_homeworks (id, student_id, homework_id, state_id) VALUES (428, 10, 23, 1);
INSERT INTO students_homeworks (id, student_id, homework_id, state_id) VALUES (429, 10, 24, 1);
INSERT INTO students_homeworks (id, student_id, homework_id, state_id) VALUES (430, 10, 25, 2);
INSERT INTO students_homeworks (id, student_id, homework_id, state_id) VALUES (431, 10, 26, 3);
INSERT INTO students_homeworks (id, student_id, homework_id, state_id) VALUES (432, 10, 27, 2);
INSERT INTO students_homeworks (id, student_id, homework_id, state_id) VALUES (433, 10, 28, 2);
INSERT INTO students_homeworks (id, student_id, homework_id, state_id) VALUES (434, 10, 29, 1);
INSERT INTO students_homeworks (id, student_id, homework_id, state_id) VALUES (435, 10, 30, 1);
INSERT INTO students_homeworks (id, student_id, homework_id, state_id) VALUES (436, 10, 31, 2);
INSERT INTO students_homeworks (id, student_id, homework_id, state_id) VALUES (437, 10, 32, 1);
INSERT INTO students_homeworks (id, student_id, homework_id, state_id) VALUES (438, 10, 33, 1);
INSERT INTO students_homeworks (id, student_id, homework_id, state_id) VALUES (439, 10, 34, 2);
INSERT INTO students_homeworks (id, student_id, homework_id, state_id) VALUES (440, 10, 35, 1);
INSERT INTO students_homeworks (id, student_id, homework_id, state_id) VALUES (441, 10, 36, 1);
INSERT INTO students_homeworks (id, student_id, homework_id, state_id) VALUES (442, 10, 37, 2);
INSERT INTO students_homeworks (id, student_id, homework_id, state_id) VALUES (443, 10, 38, 1);
INSERT INTO students_homeworks (id, student_id, homework_id, state_id) VALUES (444, 10, 39, 1);
INSERT INTO students_homeworks (id, student_id, homework_id, state_id) VALUES (445, 10, 40, 3);
INSERT INTO students_homeworks (id, student_id, homework_id, state_id) VALUES (446, 10, 41, 1);
INSERT INTO students_homeworks (id, student_id, homework_id, state_id) VALUES (447, 10, 42, 1);
INSERT INTO students_homeworks (id, student_id, homework_id, state_id) VALUES (448, 10, 43, 2);
INSERT INTO students_homeworks (id, student_id, homework_id, state_id) VALUES (449, 10, 44, 1);
INSERT INTO students_homeworks (id, student_id, homework_id, state_id) VALUES (450, 10, 45, 1);


INSERT INTO students_assistances (student_id, assistance_id, is_present) VALUES (1, 1, TRUE);
INSERT INTO students_assistances (student_id, assistance_id, is_present) VALUES (1, 2, TRUE);
INSERT INTO students_assistances (student_id, assistance_id, is_present) VALUES (1, 3, TRUE);
INSERT INTO students_assistances (student_id, assistance_id, is_present) VALUES (1, 4, TRUE);
INSERT INTO students_assistances (student_id, assistance_id, is_present) VALUES (1, 5, TRUE);
INSERT INTO students_assistances (student_id, assistance_id, is_present) VALUES (1, 6, TRUE);
INSERT INTO students_assistances (student_id, assistance_id, is_present) VALUES (1, 7, TRUE);
INSERT INTO students_assistances (student_id, assistance_id, is_present) VALUES (1, 8, TRUE);
INSERT INTO students_assistances (student_id, assistance_id, is_present) VALUES (1, 9, TRUE);

INSERT INTO students_assistances (student_id, assistance_id, is_present) VALUES (2, 1, TRUE);
INSERT INTO students_assistances (student_id, assistance_id, is_present) VALUES (2, 2, TRUE);
INSERT INTO students_assistances (student_id, assistance_id, is_present) VALUES (2, 3, TRUE);
INSERT INTO students_assistances (student_id, assistance_id, is_present) VALUES (2, 4, TRUE);
INSERT INTO students_assistances (student_id, assistance_id, is_present) VALUES (2, 5, TRUE);
INSERT INTO students_assistances (student_id, assistance_id, is_present) VALUES (2, 6, TRUE);
INSERT INTO students_assistances (student_id, assistance_id, is_present) VALUES (2, 7, TRUE);
INSERT INTO students_assistances (student_id, assistance_id, is_present) VALUES (2, 8, TRUE);
INSERT INTO students_assistances (student_id, assistance_id, is_present) VALUES (2, 9, TRUE);

INSERT INTO students_assistances (student_id, assistance_id, is_present) VALUES (3, 1, TRUE);
INSERT INTO students_assistances (student_id, assistance_id, is_present) VALUES (3, 2, TRUE);
INSERT INTO students_assistances (student_id, assistance_id, is_present) VALUES (3, 3, TRUE);
INSERT INTO students_assistances (student_id, assistance_id, is_present) VALUES (3, 4, TRUE);
INSERT INTO students_assistances (student_id, assistance_id, is_present) VALUES (3, 5, TRUE);
INSERT INTO students_assistances (student_id, assistance_id, is_present) VALUES (3, 6, TRUE);
INSERT INTO students_assistances (student_id, assistance_id, is_present) VALUES (3, 7, TRUE);
INSERT INTO students_assistances (student_id, assistance_id, is_present) VALUES (3, 8, TRUE);
INSERT INTO students_assistances (student_id, assistance_id, is_present) VALUES (3, 9, TRUE);

INSERT INTO students_assistances (student_id, assistance_id, is_present) VALUES (4, 1, TRUE);
INSERT INTO students_assistances (student_id, assistance_id, is_present) VALUES (4, 2, TRUE);
INSERT INTO students_assistances (student_id, assistance_id, is_present) VALUES (4, 3, TRUE);
INSERT INTO students_assistances (student_id, assistance_id, is_present) VALUES (4, 4, TRUE);
INSERT INTO students_assistances (student_id, assistance_id, is_present) VALUES (4, 5, TRUE);
INSERT INTO students_assistances (student_id, assistance_id, is_present) VALUES (4, 6, TRUE);
INSERT INTO students_assistances (student_id, assistance_id, is_present) VALUES (4, 7, TRUE);
INSERT INTO students_assistances (student_id, assistance_id, is_present) VALUES (4, 8, TRUE);
INSERT INTO students_assistances (student_id, assistance_id, is_present) VALUES (4, 9, TRUE);

INSERT INTO students_assistances (student_id, assistance_id, is_present) VALUES (5, 1, TRUE);
INSERT INTO students_assistances (student_id, assistance_id, is_present) VALUES (5, 2, TRUE);
INSERT INTO students_assistances (student_id, assistance_id, is_present) VALUES (5, 3, TRUE);
INSERT INTO students_assistances (student_id, assistance_id, is_present) VALUES (5, 4, TRUE);
INSERT INTO students_assistances (student_id, assistance_id, is_present) VALUES (5, 5, TRUE);
INSERT INTO students_assistances (student_id, assistance_id, is_present) VALUES (5, 6, TRUE);
INSERT INTO students_assistances (student_id, assistance_id, is_present) VALUES (5, 7, TRUE);
INSERT INTO students_assistances (student_id, assistance_id, is_present) VALUES (5, 8, TRUE);
INSERT INTO students_assistances (student_id, assistance_id, is_present) VALUES (5, 9, TRUE);

INSERT INTO students_assistances (student_id, assistance_id, is_present) VALUES (6, 1, TRUE);
INSERT INTO students_assistances (student_id, assistance_id, is_present) VALUES (6, 2, TRUE);
INSERT INTO students_assistances (student_id, assistance_id, is_present) VALUES (6, 3, TRUE);
INSERT INTO students_assistances (student_id, assistance_id, is_present) VALUES (6, 4, TRUE);
INSERT INTO students_assistances (student_id, assistance_id, is_present) VALUES (6, 5, TRUE);
INSERT INTO students_assistances (student_id, assistance_id, is_present) VALUES (6, 6, TRUE);
INSERT INTO students_assistances (student_id, assistance_id, is_present) VALUES (6, 7, TRUE);
INSERT INTO students_assistances (student_id, assistance_id, is_present) VALUES (6, 8, TRUE);
INSERT INTO students_assistances (student_id, assistance_id, is_present) VALUES (6, 9, TRUE);

INSERT INTO students_assistances (student_id, assistance_id, is_present) VALUES (7, 1, TRUE);
INSERT INTO students_assistances (student_id, assistance_id, is_present) VALUES (7, 2, TRUE);
INSERT INTO students_assistances (student_id, assistance_id, is_present) VALUES (7, 3, TRUE);
INSERT INTO students_assistances (student_id, assistance_id, is_present) VALUES (7, 4, TRUE);
INSERT INTO students_assistances (student_id, assistance_id, is_present) VALUES (7, 5, TRUE);
INSERT INTO students_assistances (student_id, assistance_id, is_present) VALUES (7, 6, TRUE);
INSERT INTO students_assistances (student_id, assistance_id, is_present) VALUES (7, 7, TRUE);
INSERT INTO students_assistances (student_id, assistance_id, is_present) VALUES (7, 8, TRUE);
INSERT INTO students_assistances (student_id, assistance_id, is_present) VALUES (7, 9, TRUE);

INSERT INTO students_assistances (student_id, assistance_id, is_present) VALUES (8, 1, TRUE);
INSERT INTO students_assistances (student_id, assistance_id, is_present) VALUES (8, 2, TRUE);
INSERT INTO students_assistances (student_id, assistance_id, is_present) VALUES (8, 3, TRUE);
INSERT INTO students_assistances (student_id, assistance_id, is_present) VALUES (8, 4, TRUE);
INSERT INTO students_assistances (student_id, assistance_id, is_present) VALUES (8, 5, TRUE);
INSERT INTO students_assistances (student_id, assistance_id, is_present) VALUES (8, 6, TRUE);
INSERT INTO students_assistances (student_id, assistance_id, is_present) VALUES (8, 7, TRUE);
INSERT INTO students_assistances (student_id, assistance_id, is_present) VALUES (8, 8, TRUE);
INSERT INTO students_assistances (student_id, assistance_id, is_present) VALUES (8, 9, TRUE);

INSERT INTO students_assistances (student_id, assistance_id, is_present) VALUES (9, 1, TRUE);
INSERT INTO students_assistances (student_id, assistance_id, is_present) VALUES (9, 2, TRUE);
INSERT INTO students_assistances (student_id, assistance_id, is_present) VALUES (9, 3, TRUE);
INSERT INTO students_assistances (student_id, assistance_id, is_present) VALUES (9, 4, TRUE);
INSERT INTO students_assistances (student_id, assistance_id, is_present) VALUES (9, 5, TRUE);
INSERT INTO students_assistances (student_id, assistance_id, is_present) VALUES (9, 6, TRUE);
INSERT INTO students_assistances (student_id, assistance_id, is_present) VALUES (9, 7, TRUE);
INSERT INTO students_assistances (student_id, assistance_id, is_present) VALUES (9, 8, TRUE);
INSERT INTO students_assistances (student_id, assistance_id, is_present) VALUES (9, 9, TRUE);

INSERT INTO students_assistances (student_id, assistance_id, is_present) VALUES (10, 1, TRUE);
INSERT INTO students_assistances (student_id, assistance_id, is_present) VALUES (10, 2, TRUE);
INSERT INTO students_assistances (student_id, assistance_id, is_present) VALUES (10, 3, TRUE);
INSERT INTO students_assistances (student_id, assistance_id, is_present) VALUES (10, 4, TRUE);
INSERT INTO students_assistances (student_id, assistance_id, is_present) VALUES (10, 5, TRUE);
INSERT INTO students_assistances (student_id, assistance_id, is_present) VALUES (10, 6, TRUE);
INSERT INTO students_assistances (student_id, assistance_id, is_present) VALUES (10, 7, TRUE);
INSERT INTO students_assistances (student_id, assistance_id, is_present) VALUES (10, 8, TRUE);
INSERT INTO students_assistances (student_id, assistance_id, is_present) VALUES (10, 9, TRUE);
